{"stats":{"minecraft:killed_by":{"minecraft:pillager":5,"iceandfire:sea_serpent":1,"iceandfire:gorgon":1,"minecraft:zombie":1},"minecraft:used":{"minecraft:iron_bars":2,"minecraft:stone_sword":1,"minecraft:chest":5,"minecraft:spruce_planks":7,"minecraft:shield":75,"minecraft:iron_sword":543,"spartanweaponry:battleaxe_iron":6,"minecraft:torch":223,"minecraft:brewing_stand":1,"minecraft:dirt":3,"minecraft:carrot":12,"minecraft:oak_wood":1,"farmersdelight:bacon":12,"minecraft:lava_bucket":1,"minecraft:barrel":5,"minecraft:stone_bricks":1,"minecraft:bow":21,"minecraft:sweet_berries":55,"minecraft:scaffolding":10,"minecraft:furnace":1,"minecraft:egg":1,"minecraft:cooked_beef":4,"minecraft:enchanted_golden_apple":2,"minecraft:stone_pickaxe":34,"minecraft:oak_planks":17,"minecraft:ender_pearl":1,"minecraft:wooden_pickaxe":13,"spartanweaponry:tomahawk_iron":1,"minecraft:cracked_stone_bricks":1,"minecraft:white_wool":1,"minecraft:golden_apple":1,"minecraft:crafting_table":3,"minecraft:blast_furnace":2,"minecraft:white_bed":1,"endrem:corrupted_eye":1,"farmersdelight:bacon_and_eggs":9,"minecraft:diamond_pickaxe":26,"minecraft:chicken":1,"minecraft:iron_pickaxe":62,"minecraft:bread":48,"minecraft:brown_wool":2,"valhelsia_structures:doused_torch":1,"minecraft:stone_axe":33,"minecraft:diamond_sword":9,"minecraft:potion":5,"minecraft:cobblestone":24,"minecraft:smithing_table":2,"alexsmobs:animal_dictionary":1,"minecraft:dandelion":1,"spartanweaponry:scythe_iron":45,"minecraft:experience_bottle":1},"minecraft:custom":{"minecraft:interact_with_smithing_table":2,"minecraft:mob_kills":117,"minecraft:interact_with_crafting_table":22,"minecraft:open_barrel":18,"minecraft:eat_cake_slice":6,"minecraft:leave_game":5,"minecraft:time_since_death":63040,"minecraft:damage_resisted":137,"minecraft:climb_one_cm":12753,"minecraft:sprint_one_cm":856052,"minecraft:walk_one_cm":448394,"minecraft:damage_blocked_by_shield":3823,"minecraft:drop":78,"minecraft:talked_to_villager":3,"minecraft:sneak_time":2031,"minecraft:deaths":8,"minecraft:walk_under_water_one_cm":47952,"minecraft:boat_one_cm":11008,"minecraft:jump":3263,"minecraft:interact_with_blast_furnace":3,"minecraft:walk_on_water_one_cm":65665,"minecraft:interact_with_furnace":4,"minecraft:play_one_minute":198442,"minecraft:sleep_in_bed":5,"minecraft:time_since_rest":46389,"minecraft:damage_taken":2147483647,"minecraft:damage_absorbed":459,"minecraft:damage_dealt":29407,"minecraft:swim_one_cm":171774,"minecraft:fly_one_cm":768552,"minecraft:open_chest":139,"minecraft:crouch_one_cm":5084,"minecraft:fall_one_cm":81730},"minecraft:killed":{"minecraft:cave_spider":11,"alexsmobs:lobster":1,"recruits:recruit_shieldman":1,"dungeonsmod:kraken":1,"minecraft:spider":5,"minecraft:skeleton":15,"minecraft:chicken":1,"minecraft:drowned":1,"iceandfire:hippocampus":1,"minecraft:pig":1,"iceandfire:cyclops":1,"minecraft:creeper":2,"minecraft:sheep":4,"minecraft:pillager":11,"minecraft:zombie":34,"minecraft:mooshroom":5,"minecraft:stray":12,"alexsmobs:mungus":5,"minecraft:wither_skeleton":4,"minecraft:villager":1},"minecraft:dropped":{"farmersdelight:tomato_seeds":2,"minecolonies:supplychestdeployer":2,"minecraft:bread":35,"minecraft:iron_sword":1,"minecraft:golden_helmet":4,"minecraft:baked_potato":1,"minecraft:glass_bottle":4,"minecraft:ender_pearl":2,"minecraft:diamond":2,"minecraft:minecart":1,"minecraft:crossbow":1,"minecraft:lead":2,"minecraft:apple":4,"minecraft:saddle":1,"minecraft:chainmail_helmet":1,"paraglider:spirit_orb":2,"minecraft:flint":4,"minecraft:torch":69,"spartanweaponry:battleaxe_iron":1,"minecraft:iron_door":1,"minecraft:iron_leggings":2,"farmersdelight:onion":5,"minecraft:gold_nugget":3,"minecraft:string":76,"minecraft:bone":6,"minecraft:golden_chestplate":2,"minecraft:rotten_flesh":10,"minecraft:iron_boots":1,"minecraft:name_tag":1,"minecraft:leather_chestplate":6,"minecraft:leather_boots":1,"minecraft:leather_leggings":1,"minecraft:spider_eye":2,"minecraft:stone_bricks":1,"spartanweaponry:pike_iron":1,"minecraft:iron_bars":9,"minecraft:stone_pickaxe":1,"minecraft:scaffolding":3,"iceandfire:manuscript":1,"minecraft:brick":6,"minecraft:nether_brick_stairs":2},"minecraft:crafted":{"minecraft:stone_pickaxe":2,"minecraft:wheat":198,"minecraft:crafting_table":1,"minecraft:spruce_planks":56,"minecraft:wooden_pickaxe":2,"minecraft:stone_axe":1,"minecraft:air":0,"minecraft:bread":72,"minecraft:shield":1,"minecraft:stick":72,"minecraft:iron_ingot":12,"minecraft:iron_pickaxe":1,"minecraft:stone_sword":1,"minecraft:torch":132},"minecraft:mined":{"minecraft:diamond_ore":2,"minecraft:red_carpet":1,"minecraft:stone_pressure_plate":2,"minecraft:white_bed":1,"minecraft:mossy_cobblestone":2,"farmersdelight:wild_carrots":8,"minecraft:brewing_stand":1,"minecraft:nether_bricks":4,"minecraft:granite":2,"minecraft:grass_block":6,"minecraft:brown_wool":2,"minecraft:coal_block":7,"minecraft:spawner":25,"minecraft:large_fern":5,"minecraft:hay_block":22,"minecraft:redstone_ore":1,"minecraft:furnace":1,"minecraft:iron_ore":15,"minecraft:barrel":5,"minecraft:fire":5,"minecraft:nether_brick_stairs":3,"minecraft:nether_brick_fence":3,"minecraft:mossy_stone_brick_stairs":1,"minecraft:bookshelf":8,"minecraft:vine":2,"minecraft:iron_bars":17,"minecraft:stone":13,"minecraft:iron_block":1,"minecraft:white_wool":1,"minecraft:tripwire":1,"valhelsia_structures:doused_wall_torch":1,"minecraft:scaffolding":2,"minecraft:dandelion":1,"minecraft:crafting_table":2,"minecraft:blast_furnace":3,"minecraft:chest":5,"minecraft:white_stained_glass_pane":2,"minecraft:rose_bush":1,"minecraft:lectern":1,"minecraft:tall_grass":4,"minecraft:cobblestone":13,"minecraft:bricks":1,"minecraft:iron_door":2,"minecraft:sweet_berry_bush":22,"valhelsia_structures:metal_framed_glass_pane":2,"minecraft:spruce_log":8,"minecraft:brown_wall_banner":1,"minecraft:stone_brick_stairs":3,"minecraft:tnt":1,"minecraft:grass":37,"minecraft:dirt":10,"minecraft:cobweb":20,"minecraft:cracked_stone_bricks":1,"minecraft:stone_bricks":2,"minecraft:polished_andesite":2,"minecraft:netherrack":2,"paraglider:goddess_statue":1,"minecraft:fern":2},"minecraft:picked_up":{"minecraft:crafting_table":2,"minecraft:chicken":1,"minecraft:leather_leggings":2,"minecraft:brown_mushroom":1,"minecraft:diamond_sword":1,"endrem:corrupted_eye":1,"minecraft:potion":4,"minecraft:brewing_stand":1,"minecraft:brick":6,"minecraft:shield":1,"iceandfire:manuscript":1,"paraglider:goddess_statue":1,"minecraft:string":102,"alexsmobs:ancient_dart":1,"minecraft:iron_axe":1,"minecraft:wooden_sword":1,"minecraft:iron_leggings":2,"minecraft:cracked_stone_bricks":1,"minecraft:diamond_leggings":1,"minecraft:gold_nugget":3,"minecraft:spruce_planks":17,"minecraft:rose_bush":1,"valhelsia_structures:doused_torch":1,"minecraft:minecart":1,"minecraft:enchanted_golden_apple":1,"minecraft:lectern":1,"minecraft:coal_block":7,"minecraft:chest":5,"minecraft:furnace":1,"minecraft:iron_boots":1,"minecraft:egg":1,"minecraft:tipped_arrow":10,"minecraft:golden_helmet":4,"minecraft:stick":16,"minecolonies:supplychestdeployer":2,"alexsmobs:shark_tooth_arrow":1,"minecraft:torch":155,"farmersdelight:tomato_seeds":1,"minecraft:carrot":8,"minecraft:golden_chestplate":2,"minecraft:brown_carpet":4,"minecraft:arrow":24,"minecraft:rotten_flesh":38,"minecraft:hay_block":22,"minecraft:iron_block":1,"endrem:rogue_eye":1,"minecraft:mutton":1,"minecraft:iron_bars":21,"minecraft:white_wool":2,"minecraft:cobblestone":28,"minecraft:leather_chestplate":7,"minecraft:feather":3,"minecraft:iron_door":2,"minecraft:brown_wool":2,"minecraft:leather":10,"minecraft:golden_leggings":1,"minecraft:filled_map":1,"paraglider:spirit_orb":55,"minecraft:flint":4,"magistuarmory:chainmail_horse_armor":1,"minecraft:gunpowder":6,"minecraft:dirt":13,"minecraft:name_tag":1,"minecraft:leather_boots":1,"minecraft:red_carpet":2,"minecraft:bone":49,"minecraft:stone_bricks":2,"minecraft:kelp":3,"minecraft:bow":1,"minecraft:wheat_seeds":5,"minecraft:iron_ore":15,"minecraft:glass_bottle":2,"minecraft:iron_sword":2,"minecraft:mossy_stone_brick_stairs":1,"minecraft:book":60,"minecraft:scaffolding":13,"spartanweaponry:scythe_iron":1,"dungeonsmod:kraken_tentacle":5,"minecraft:sweet_berries":56,"spartanweaponry:pike_iron":2,"minecraft:dandelion":1,"iceandfire:shiny_scales":7,"minecraft:nether_brick_stairs":2,"minecraft:blast_furnace":3,"minecraft:ink_sac":17,"minecraft:white_bed":1,"minecraft:spruce_log":13,"farmersdelight:bacon_and_eggs":7,"minecraft:mossy_cobblestone":2,"minecraft:spider_eye":6,"minecraft:barrel":5,"minecraft:leather_helmet":2,"minecraft:oak_wood":1,"minecraft:polished_andesite":1,"minecraft:diamond":3,"minecraft:stone_axe":2,"minecraft:writable_book":1,"minecraft:granite":1,"minecraft:crossbow":1,"minecraft:chainmail_helmet":1,"minecraft:bread":1,"minecraft:baked_potato":2,"minecraft:brown_banner":1,"minecraft:bricks":1,"minecraft:coal":42,"minecolonies:supplycampdeployer":1,"minecraft:ender_pearl":2}},"DataVersion":2586}