{"stats":{"minecraft:crafted":{"minecraft:crafting_table":1,"minecraft:spruce_planks":36,"minecraft:wooden_pickaxe":2,"minecraft:stone_axe":1,"minecraft:bread":26,"minecraft:stick":12,"minecraft:stone_pickaxe":2,"minecraft:stone_sword":1,"minecraft:wheat":81},"minecraft:picked_up":{"minecraft:crafting_table":2,"minecraft:chicken":1,"minecraft:filled_map":1,"minecraft:dirt":10,"minecraft:wheat_seeds":1,"minecraft:spruce_planks":6,"minecraft:chest":4,"minecraft:iron_sword":1,"minecraft:egg":1,"minecraft:scaffolding":13,"minecraft:stick":2,"minecraft:sweet_berries":18,"alexsmobs:shark_tooth_arrow":1,"minecraft:dandelion":1,"spartanweaponry:pike_iron":2,"minecraft:spruce_log":8,"minecraft:barrel":5,"minecraft:oak_wood":1,"minecraft:rotten_flesh":6,"minecraft:hay_block":9,"minecraft:mutton":1,"minecraft:cobblestone":28,"minecraft:white_wool":2},"minecraft:dropped":{"minecraft:bread":12,"minecraft:rotten_flesh":4,"spartanweaponry:pike_iron":1,"minecraft:stone_pickaxe":1},"minecraft:killed":{"minecraft:zombie":1,"minecraft:chicken":1,"minecraft:drowned":1},"minecraft:custom":{"minecraft:mob_kills":4,"minecraft:interact_with_crafting_table":16,"minecraft:open_barrel":3,"minecraft:play_one_minute":20808,"minecraft:leave_game":1,"minecraft:time_since_death":15705,"minecraft:sleep_in_bed":2,"minecraft:climb_one_cm":2256,"minecraft:time_since_rest":11873,"minecraft:sprint_one_cm":69472,"minecraft:damage_taken":510,"minecraft:walk_one_cm":52238,"minecraft:drop":8,"minecraft:damage_dealt":481,"minecraft:swim_one_cm":1657,"minecraft:fly_one_cm":74215,"minecraft:open_chest":7,"minecraft:crouch_one_cm":439,"minecraft:deaths":1,"minecraft:sneak_time":165,"minecraft:walk_under_water_one_cm":1641,"minecraft:jump":408,"minecraft:walk_on_water_one_cm":1083,"minecraft:fall_one_cm":9726},"minecraft:used":{"minecraft:stone_sword":1,"minecraft:stone_pickaxe":13,"minecraft:spruce_planks":6,"minecraft:wooden_pickaxe":13,"minecraft:white_wool":1,"minecraft:crafting_table":2,"minecraft:oak_wood":1,"minecraft:chicken":1,"minecraft:bread":4,"minecraft:barrel":1,"minecraft:stone_axe":10,"minecraft:cobblestone":4,"minecraft:sweet_berries":5,"minecraft:scaffolding":10,"alexsmobs:animal_dictionary":1,"minecraft:egg":1,"minecraft:dandelion":1},"minecraft:mined":{"minecraft:scaffolding":2,"minecraft:dandelion":1,"minecraft:crafting_table":2,"minecraft:grass_block":3,"minecraft:chest":4,"minecraft:cobblestone":13,"minecraft:large_fern":3,"minecraft:hay_block":9,"minecraft:barrel":5,"minecraft:sweet_berry_bush":7,"minecraft:spruce_log":8,"minecraft:grass":7,"minecraft:dirt":7,"minecraft:stone":13,"minecraft:white_wool":1,"minecraft:fern":2},"minecraft:killed_by":{"minecraft:zombie":1}},"DataVersion":2586}