{"stats":{"minecraft:crafted":{"minecraft:stone_pickaxe":2,"minecraft:wheat":198,"minecraft:crafting_table":1,"minecraft:spruce_planks":56,"minecraft:wooden_pickaxe":2,"minecraft:stone_axe":1,"minecraft:bread":72,"minecraft:air":0,"minecraft:shield":1,"minecraft:stick":72,"minecraft:iron_ingot":12,"minecraft:iron_pickaxe":1,"minecraft:stone_sword":1,"minecraft:torch":132},"minecraft:picked_up":{"minecraft:crafting_table":2,"minecraft:chicken":1,"minecraft:leather_leggings":2,"endrem:corrupted_eye":1,"minecraft:potion":3,"minecraft:brewing_stand":1,"minecraft:shield":1,"minecraft:string":22,"minecraft:wooden_sword":1,"minecraft:iron_leggings":1,"minecraft:cracked_stone_bricks":1,"minecraft:gold_nugget":3,"minecraft:spruce_planks":17,"valhelsia_structures:doused_torch":1,"minecraft:lectern":1,"minecraft:coal_block":7,"minecraft:chest":5,"minecraft:iron_boots":1,"minecraft:egg":1,"minecraft:furnace":1,"minecraft:golden_helmet":2,"minecraft:tipped_arrow":4,"minecraft:stick":16,"minecolonies:supplychestdeployer":2,"alexsmobs:shark_tooth_arrow":1,"minecraft:torch":138,"farmersdelight:tomato_seeds":1,"minecraft:carrot":8,"minecraft:golden_chestplate":2,"minecraft:brown_carpet":4,"minecraft:arrow":11,"minecraft:rotten_flesh":22,"minecraft:hay_block":22,"minecraft:iron_block":1,"minecraft:mutton":1,"minecraft:iron_bars":14,"minecraft:cobblestone":28,"minecraft:white_wool":2,"minecraft:leather_chestplate":6,"minecraft:iron_door":2,"minecraft:golden_leggings":1,"minecraft:filled_map":1,"paraglider:spirit_orb":25,"magistuarmory:chainmail_horse_armor":1,"minecraft:dirt":12,"minecraft:leather_boots":1,"minecraft:red_carpet":2,"minecraft:bone":31,"minecraft:stone_bricks":1,"minecraft:bow":1,"minecraft:wheat_seeds":3,"minecraft:iron_ore":15,"minecraft:glass_bottle":2,"minecraft:mossy_stone_brick_stairs":1,"minecraft:iron_sword":2,"minecraft:book":60,"minecraft:scaffolding":13,"spartanweaponry:scythe_iron":1,"minecraft:sweet_berries":37,"minecraft:dandelion":1,"spartanweaponry:pike_iron":2,"minecraft:blast_furnace":2,"minecraft:white_bed":1,"minecraft:spruce_log":13,"minecraft:mossy_cobblestone":2,"minecraft:barrel":5,"minecraft:spider_eye":5,"minecraft:leather_helmet":2,"minecraft:oak_wood":1,"minecraft:diamond":2,"minecraft:stone_axe":2,"minecraft:writable_book":1,"minecraft:crossbow":1,"minecraft:bread":1,"minecraft:brown_banner":1,"minecraft:bricks":1,"minecraft:coal":40,"minecolonies:supplycampdeployer":1},"minecraft:dropped":{"farmersdelight:tomato_seeds":2,"minecolonies:supplychestdeployer":2,"minecraft:bread":35,"minecraft:iron_sword":1,"minecraft:golden_helmet":2,"minecraft:baked_potato":1,"minecraft:glass_bottle":2,"minecraft:diamond":2,"minecraft:crossbow":1,"minecraft:torch":68,"spartanweaponry:battleaxe_iron":1,"minecraft:iron_leggings":1,"farmersdelight:onion":5,"minecraft:gold_nugget":3,"minecraft:bone":6,"minecraft:golden_chestplate":2,"minecraft:rotten_flesh":6,"minecraft:leather_chestplate":6,"minecraft:leather_boots":1,"minecraft:leather_leggings":1,"minecraft:spider_eye":1,"minecraft:stone_bricks":1,"spartanweaponry:pike_iron":1,"minecraft:iron_bars":4,"minecraft:stone_pickaxe":1,"minecraft:scaffolding":3},"minecraft:killed":{"minecraft:cave_spider":6,"recruits:recruit_shieldman":1,"minecraft:spider":5,"minecraft:skeleton":11,"minecraft:chicken":1,"minecraft:drowned":1,"minecraft:pillager":2,"minecraft:zombie":19,"minecraft:stray":6,"minecraft:wither_skeleton":4,"minecraft:villager":1},"minecraft:custom":{"minecraft:interact_with_smithing_table":1,"minecraft:mob_kills":55,"minecraft:interact_with_crafting_table":22,"minecraft:open_barrel":14,"minecraft:eat_cake_slice":6,"minecraft:leave_game":3,"minecraft:time_since_death":67523,"minecraft:damage_resisted":41,"minecraft:climb_one_cm":10458,"minecraft:sprint_one_cm":462920,"minecraft:walk_one_cm":307098,"minecraft:damage_blocked_by_shield":2313,"minecraft:drop":49,"minecraft:talked_to_villager":3,"minecraft:deaths":7,"minecraft:sneak_time":1569,"minecraft:walk_under_water_one_cm":9169,"minecraft:jump":1827,"minecraft:interact_with_blast_furnace":2,"minecraft:walk_on_water_one_cm":34187,"minecraft:interact_with_furnace":3,"minecraft:play_one_minute":121791,"minecraft:sleep_in_bed":4,"minecraft:time_since_rest":67553,"minecraft:damage_taken":2147483647,"minecraft:damage_absorbed":8,"minecraft:damage_dealt":12815,"minecraft:swim_one_cm":26301,"minecraft:fly_one_cm":362296,"minecraft:open_chest":77,"minecraft:crouch_one_cm":4696,"minecraft:fall_one_cm":48204},"minecraft:used":{"minecraft:iron_bars":2,"minecraft:stone_sword":1,"minecraft:spruce_planks":7,"minecraft:chest":5,"minecraft:shield":45,"minecraft:iron_sword":257,"spartanweaponry:battleaxe_iron":6,"minecraft:torch":138,"minecraft:brewing_stand":1,"minecraft:dirt":2,"minecraft:carrot":12,"minecraft:oak_wood":1,"minecraft:lava_bucket":1,"minecraft:barrel":5,"minecraft:sweet_berries":40,"minecraft:scaffolding":10,"minecraft:furnace":1,"minecraft:egg":1,"minecraft:enchanted_golden_apple":1,"minecraft:stone_pickaxe":34,"minecraft:oak_planks":16,"minecraft:wooden_pickaxe":13,"spartanweaponry:tomahawk_iron":1,"minecraft:cracked_stone_bricks":1,"minecraft:white_wool":1,"minecraft:crafting_table":3,"minecraft:blast_furnace":2,"endrem:corrupted_eye":1,"minecraft:chicken":1,"minecraft:bread":41,"minecraft:iron_pickaxe":55,"valhelsia_structures:doused_torch":1,"minecraft:stone_axe":33,"minecraft:potion":2,"minecraft:cobblestone":24,"alexsmobs:animal_dictionary":1,"minecraft:dandelion":1,"spartanweaponry:scythe_iron":45},"minecraft:mined":{"minecraft:red_carpet":1,"minecraft:stone_pressure_plate":2,"minecraft:white_bed":1,"minecraft:mossy_cobblestone":2,"farmersdelight:wild_carrots":8,"minecraft:brewing_stand":1,"minecraft:nether_bricks":4,"minecraft:grass_block":5,"minecraft:coal_block":7,"minecraft:spawner":12,"minecraft:large_fern":5,"minecraft:hay_block":22,"minecraft:redstone_ore":1,"minecraft:furnace":1,"minecraft:iron_ore":15,"minecraft:fire":5,"minecraft:barrel":5,"minecraft:nether_brick_stairs":3,"minecraft:nether_brick_fence":3,"minecraft:bookshelf":8,"minecraft:iron_bars":11,"minecraft:stone":13,"minecraft:iron_block":1,"minecraft:white_wool":1,"minecraft:tripwire":1,"valhelsia_structures:doused_wall_torch":1,"minecraft:scaffolding":2,"minecraft:dandelion":1,"minecraft:crafting_table":2,"minecraft:blast_furnace":2,"minecraft:chest":5,"minecraft:white_stained_glass_pane":2,"minecraft:lectern":1,"minecraft:tall_grass":1,"minecraft:cobblestone":13,"minecraft:bricks":1,"minecraft:iron_door":2,"minecraft:sweet_berry_bush":14,"valhelsia_structures:metal_framed_glass_pane":2,"minecraft:brown_wall_banner":1,"minecraft:spruce_log":8,"minecraft:tnt":1,"minecraft:grass":22,"minecraft:dirt":10,"minecraft:cobweb":3,"minecraft:cracked_stone_bricks":1,"minecraft:stone_bricks":1,"minecraft:netherrack":2,"minecraft:fern":2},"minecraft:killed_by":{"minecraft:pillager":4,"iceandfire:sea_serpent":1,"iceandfire:gorgon":1,"minecraft:zombie":1}},"DataVersion":2586}