{"stats":{"minecraft:crafted":{"minecraft:crafting_table":1,"minecraft:spruce_planks":20,"minecraft:stick":4,"minecraft:wooden_pickaxe":1},"minecraft:picked_up":{"minecraft:crafting_table":1,"minecraft:stick":2,"minecraft:rotten_flesh":2,"minecraft:sweet_berries":7,"minecraft:wheat_seeds":1,"minecraft:spruce_planks":6,"minecraft:spruce_log":5,"minecraft:dirt":4,"minecraft:egg":1},"minecraft:killed":{"minecraft:drowned":1},"minecraft:custom":{"minecraft:open_chest":1,"minecraft:time_since_rest":33,"minecraft:crouch_one_cm":4,"minecraft:play_one_minute":8808,"minecraft:sprint_one_cm":30435,"minecraft:deaths":1,"minecraft:damage_taken":400,"minecraft:walk_one_cm":23589,"minecraft:sneak_time":36,"minecraft:walk_under_water_one_cm":1641,"minecraft:mob_kills":1,"minecraft:jump":185,"minecraft:damage_dealt":318,"minecraft:leave_game":1,"minecraft:walk_on_water_one_cm":884,"minecraft:time_since_death":3705,"minecraft:sleep_in_bed":1,"minecraft:swim_one_cm":1657,"minecraft:interact_with_crafting_table":2,"minecraft:fall_one_cm":4126,"minecraft:fly_one_cm":26457},"minecraft:used":{"minecraft:sweet_berries":5,"minecraft:crafting_table":1,"alexsmobs:animal_dictionary":1,"minecraft:egg":1},"minecraft:mined":{"minecraft:large_fern":1,"minecraft:grass":7,"minecraft:grass_block":2,"minecraft:dirt":2,"minecraft:sweet_berry_bush":3,"minecraft:spruce_log":5,"minecraft:crafting_table":1,"minecraft:fern":2},"minecraft:killed_by":{"minecraft:zombie":1}},"DataVersion":2586}