{"stats":{"minecraft:crafted":{"minecraft:stone_pickaxe":2,"minecraft:wheat":198,"minecraft:crafting_table":1,"minecraft:spruce_planks":56,"minecraft:wooden_pickaxe":2,"minecraft:stone_axe":1,"minecraft:bread":72,"minecraft:air":0,"minecraft:shield":1,"minecraft:stick":16,"minecraft:iron_ingot":12,"minecraft:iron_pickaxe":1,"minecraft:stone_sword":1},"minecraft:picked_up":{"minecraft:crafting_table":2,"minecraft:chicken":1,"minecraft:leather_leggings":2,"endrem:corrupted_eye":1,"minecraft:brewing_stand":1,"minecraft:shield":1,"minecraft:string":6,"minecraft:wooden_sword":1,"minecraft:gold_nugget":3,"minecraft:spruce_planks":17,"valhelsia_structures:doused_torch":1,"minecraft:lectern":1,"minecraft:chest":5,"minecraft:egg":1,"minecraft:furnace":1,"minecraft:stick":16,"minecolonies:supplychestdeployer":2,"alexsmobs:shark_tooth_arrow":1,"minecraft:torch":67,"farmersdelight:tomato_seeds":1,"minecraft:carrot":8,"minecraft:brown_carpet":4,"minecraft:arrow":1,"minecraft:rotten_flesh":10,"minecraft:hay_block":22,"minecraft:iron_block":1,"minecraft:mutton":1,"minecraft:iron_bars":3,"minecraft:cobblestone":28,"minecraft:white_wool":2,"minecraft:leather_chestplate":6,"minecraft:filled_map":1,"paraglider:spirit_orb":13,"magistuarmory:chainmail_horse_armor":1,"minecraft:dirt":12,"minecraft:leather_boots":1,"minecraft:red_carpet":2,"minecraft:bone":6,"minecraft:wheat_seeds":3,"minecraft:iron_ore":15,"minecraft:iron_sword":1,"minecraft:book":24,"minecraft:scaffolding":13,"spartanweaponry:scythe_iron":1,"minecraft:sweet_berries":37,"minecraft:dandelion":1,"spartanweaponry:pike_iron":2,"minecraft:blast_furnace":2,"minecraft:white_bed":1,"minecraft:spruce_log":13,"minecraft:barrel":5,"minecraft:spider_eye":1,"minecraft:leather_helmet":2,"minecraft:oak_wood":1,"minecraft:diamond":2,"minecraft:stone_axe":1,"minecraft:writable_book":1,"minecraft:bread":1,"minecraft:brown_banner":1,"minecraft:bricks":1,"minecraft:coal":10,"minecolonies:supplycampdeployer":1},"minecraft:dropped":{"farmersdelight:tomato_seeds":2,"minecolonies:supplychestdeployer":2,"minecraft:bread":35,"minecraft:baked_potato":1,"minecraft:diamond":2,"spartanweaponry:battleaxe_iron":1,"farmersdelight:onion":5,"minecraft:gold_nugget":3,"minecraft:bone":6,"minecraft:rotten_flesh":6,"minecraft:leather_chestplate":6,"minecraft:leather_boots":1,"minecraft:leather_leggings":1,"spartanweaponry:pike_iron":1,"minecraft:stone_pickaxe":1,"minecraft:scaffolding":3},"minecraft:killed":{"recruits:recruit_shieldman":1,"minecraft:spider":5,"minecraft:skeleton":3,"minecraft:chicken":1,"minecraft:drowned":1,"minecraft:pillager":2,"minecraft:zombie":5,"minecraft:villager":1},"minecraft:custom":{"minecraft:interact_with_smithing_table":1,"minecraft:mob_kills":21,"minecraft:interact_with_crafting_table":22,"minecraft:open_barrel":14,"minecraft:eat_cake_slice":6,"minecraft:leave_game":3,"minecraft:time_since_death":37523,"minecraft:climb_one_cm":7185,"minecraft:sprint_one_cm":321853,"minecraft:walk_one_cm":197234,"minecraft:damage_blocked_by_shield":890,"minecraft:drop":35,"minecraft:talked_to_villager":3,"minecraft:deaths":7,"minecraft:sneak_time":1261,"minecraft:walk_under_water_one_cm":9169,"minecraft:jump":1512,"minecraft:interact_with_blast_furnace":2,"minecraft:walk_on_water_one_cm":18849,"minecraft:interact_with_furnace":3,"minecraft:play_one_minute":91791,"minecraft:sleep_in_bed":4,"minecraft:time_since_rest":37553,"minecraft:damage_taken":2147483647,"minecraft:damage_dealt":4961,"minecraft:swim_one_cm":26301,"minecraft:fly_one_cm":338842,"minecraft:open_chest":49,"minecraft:crouch_one_cm":3758,"minecraft:fall_one_cm":46265},"minecraft:used":{"minecraft:stone_sword":1,"minecraft:spruce_planks":7,"minecraft:chest":5,"minecraft:shield":15,"minecraft:iron_sword":72,"spartanweaponry:battleaxe_iron":6,"minecraft:torch":45,"minecraft:brewing_stand":1,"minecraft:dirt":2,"minecraft:carrot":12,"minecraft:oak_wood":1,"minecraft:barrel":5,"minecraft:sweet_berries":11,"minecraft:scaffolding":10,"minecraft:furnace":1,"minecraft:egg":1,"minecraft:stone_pickaxe":34,"minecraft:wooden_pickaxe":13,"spartanweaponry:tomahawk_iron":1,"minecraft:white_wool":1,"minecraft:crafting_table":3,"minecraft:blast_furnace":2,"endrem:corrupted_eye":1,"minecraft:chicken":1,"minecraft:bread":24,"minecraft:iron_pickaxe":10,"valhelsia_structures:doused_torch":1,"minecraft:stone_axe":33,"minecraft:cobblestone":24,"alexsmobs:animal_dictionary":1,"minecraft:dandelion":1,"spartanweaponry:scythe_iron":24},"minecraft:mined":{"minecraft:red_carpet":1,"minecraft:white_bed":1,"farmersdelight:wild_carrots":8,"minecraft:brewing_stand":1,"minecraft:grass_block":5,"minecraft:spawner":4,"minecraft:large_fern":5,"minecraft:hay_block":22,"minecraft:furnace":1,"minecraft:iron_ore":15,"minecraft:barrel":5,"minecraft:bookshelf":8,"minecraft:iron_bars":4,"minecraft:stone":13,"minecraft:iron_block":1,"minecraft:white_wool":1,"valhelsia_structures:doused_wall_torch":1,"minecraft:scaffolding":2,"minecraft:dandelion":1,"minecraft:crafting_table":2,"minecraft:blast_furnace":2,"minecraft:chest":5,"minecraft:white_stained_glass_pane":2,"minecraft:lectern":1,"minecraft:tall_grass":1,"minecraft:cobblestone":13,"minecraft:bricks":1,"minecraft:sweet_berry_bush":14,"valhelsia_structures:metal_framed_glass_pane":2,"minecraft:brown_wall_banner":1,"minecraft:spruce_log":8,"minecraft:grass":22,"minecraft:dirt":10,"minecraft:fern":2},"minecraft:killed_by":{"minecraft:pillager":4,"iceandfire:sea_serpent":1,"iceandfire:gorgon":1,"minecraft:zombie":1}},"DataVersion":2586}