{"stats":{"minecraft:crafted":{"minecraft:crafting_table":1,"minecraft:spruce_planks":56,"minecraft:wooden_pickaxe":2,"minecraft:stone_axe":1,"minecraft:bread":72,"minecraft:shield":1,"minecraft:stick":12,"minecraft:iron_ingot":9,"minecraft:stone_pickaxe":2,"minecraft:stone_sword":1,"minecraft:wheat":198},"minecraft:picked_up":{"minecraft:crafting_table":2,"minecraft:leather_chestplate":6,"minecraft:chicken":1,"minecraft:leather_leggings":2,"endrem:corrupted_eye":1,"minecraft:filled_map":1,"minecraft:brewing_stand":1,"minecraft:shield":1,"minecraft:dirt":12,"minecraft:wooden_sword":1,"minecraft:leather_boots":1,"minecraft:red_carpet":2,"minecraft:bone":3,"minecraft:wheat_seeds":3,"minecraft:gold_nugget":3,"minecraft:spruce_planks":17,"minecraft:iron_ore":15,"valhelsia_structures:doused_torch":1,"minecraft:lectern":1,"minecraft:chest":5,"minecraft:iron_sword":1,"minecraft:furnace":1,"minecraft:egg":1,"minecraft:book":24,"minecraft:scaffolding":13,"spartanweaponry:scythe_iron":1,"minecraft:stick":16,"minecolonies:supplychestdeployer":2,"minecraft:sweet_berries":37,"alexsmobs:shark_tooth_arrow":1,"spartanweaponry:pike_iron":2,"minecraft:dandelion":1,"farmersdelight:tomato_seeds":1,"minecraft:blast_furnace":1,"minecraft:white_bed":1,"minecraft:spruce_log":13,"minecraft:carrot":8,"minecraft:barrel":5,"minecraft:leather_helmet":2,"minecraft:brown_carpet":4,"minecraft:oak_wood":1,"minecraft:rotten_flesh":9,"minecraft:diamond":2,"minecraft:stone_axe":1,"minecraft:writable_book":1,"minecraft:hay_block":22,"minecraft:iron_block":1,"minecraft:bread":1,"minecraft:brown_banner":1,"minecraft:coal":10,"minecraft:mutton":1,"minecraft:white_wool":2,"minecraft:cobblestone":28},"minecraft:dropped":{"minecolonies:supplychestdeployer":2,"farmersdelight:tomato_seeds":2,"minecraft:bread":13,"minecraft:diamond":2,"minecraft:rotten_flesh":6,"minecraft:leather_chestplate":6,"minecraft:leather_boots":1,"spartanweaponry:battleaxe_iron":1,"minecraft:leather_leggings":1,"minecraft:gold_nugget":3,"farmersdelight:onion":5,"spartanweaponry:pike_iron":1,"minecraft:stone_pickaxe":1,"minecraft:scaffolding":3,"minecraft:bone":6},"minecraft:killed":{"recruits:recruit_shieldman":1,"minecraft:pillager":2,"minecraft:zombie":3,"minecraft:chicken":1,"minecraft:drowned":1,"minecraft:villager":1},"minecraft:custom":{"minecraft:interact_with_smithing_table":1,"minecraft:interact_with_furnace":3,"minecraft:mob_kills":11,"minecraft:interact_with_crafting_table":21,"minecraft:open_barrel":13,"minecraft:play_one_minute":79791,"minecraft:eat_cake_slice":2,"minecraft:leave_game":3,"minecraft:time_since_death":25523,"minecraft:sleep_in_bed":4,"minecraft:climb_one_cm":6773,"minecraft:time_since_rest":25553,"minecraft:sprint_one_cm":271237,"minecraft:damage_taken":2147483647,"minecraft:walk_one_cm":158071,"minecraft:damage_blocked_by_shield":540,"minecraft:drop":33,"minecraft:damage_dealt":3032,"minecraft:swim_one_cm":26301,"minecraft:talked_to_villager":3,"minecraft:fly_one_cm":331778,"minecraft:open_chest":22,"minecraft:crouch_one_cm":2237,"minecraft:deaths":7,"minecraft:sneak_time":844,"minecraft:walk_under_water_one_cm":9169,"minecraft:jump":1448,"minecraft:interact_with_blast_furnace":2,"minecraft:walk_on_water_one_cm":18849,"minecraft:fall_one_cm":44967},"minecraft:used":{"minecraft:stone_sword":1,"minecraft:stone_pickaxe":34,"minecraft:wooden_pickaxe":13,"minecraft:iron_sword":38,"minecraft:spruce_planks":7,"minecraft:shield":8,"spartanweaponry:battleaxe_iron":6,"minecraft:white_wool":1,"minecraft:dirt":2,"minecraft:crafting_table":3,"minecraft:blast_furnace":1,"minecraft:carrot":12,"minecraft:oak_wood":1,"endrem:corrupted_eye":1,"minecraft:chicken":1,"minecraft:bread":19,"valhelsia_structures:doused_torch":1,"minecraft:barrel":1,"minecraft:stone_axe":33,"minecraft:cobblestone":4,"minecraft:scaffolding":10,"minecraft:sweet_berries":11,"alexsmobs:animal_dictionary":1,"minecraft:egg":1,"minecraft:dandelion":1,"spartanweaponry:scythe_iron":24},"minecraft:mined":{"minecraft:red_carpet":1,"minecraft:scaffolding":2,"minecraft:white_bed":1,"farmersdelight:wild_carrots":8,"minecraft:dandelion":1,"minecraft:brewing_stand":1,"minecraft:crafting_table":2,"minecraft:blast_furnace":1,"minecraft:grass_block":5,"minecraft:chest":5,"minecraft:white_stained_glass_pane":2,"minecraft:lectern":1,"minecraft:tall_grass":1,"minecraft:cobblestone":13,"minecraft:large_fern":5,"minecraft:hay_block":22,"minecraft:furnace":1,"minecraft:iron_ore":15,"valhelsia_structures:metal_framed_glass_pane":2,"minecraft:barrel":5,"minecraft:sweet_berry_bush":14,"minecraft:spruce_log":8,"minecraft:brown_wall_banner":1,"minecraft:grass":22,"minecraft:bookshelf":8,"minecraft:dirt":10,"minecraft:stone":13,"minecraft:iron_block":1,"valhelsia_structures:doused_wall_torch":1,"minecraft:white_wool":1,"minecraft:fern":2},"minecraft:killed_by":{"iceandfire:gorgon":1,"minecraft:zombie":1,"minecraft:pillager":4,"iceandfire:sea_serpent":1}},"DataVersion":2586}