{"stats":{"minecraft:crafted":{"minecraft:crafting_table":1,"minecraft:spruce_planks":36,"minecraft:wooden_pickaxe":2,"minecraft:stone_axe":1,"minecraft:bread":26,"minecraft:shield":1,"minecraft:stick":12,"minecraft:stone_pickaxe":2,"minecraft:stone_sword":1,"minecraft:wheat":81},"minecraft:picked_up":{"minecraft:crafting_table":2,"minecraft:leather_chestplate":4,"minecraft:chicken":1,"minecraft:leather_leggings":1,"minecraft:filled_map":1,"minecraft:shield":1,"minecraft:brewing_stand":1,"minecraft:dirt":10,"minecraft:wooden_sword":1,"minecraft:leather_boots":1,"minecraft:gold_nugget":3,"minecraft:wheat_seeds":2,"minecraft:spruce_planks":6,"minecraft:lectern":1,"minecraft:chest":5,"minecraft:iron_sword":1,"minecraft:egg":1,"minecraft:book":24,"minecraft:scaffolding":13,"spartanweaponry:scythe_iron":1,"minecraft:stick":2,"minecolonies:supplychestdeployer":2,"minecraft:sweet_berries":18,"alexsmobs:shark_tooth_arrow":1,"minecraft:dandelion":1,"spartanweaponry:pike_iron":2,"farmersdelight:tomato_seeds":1,"minecraft:white_bed":1,"minecraft:carrot":8,"minecraft:spruce_log":8,"minecraft:barrel":5,"minecraft:leather_helmet":1,"minecraft:brown_carpet":4,"minecraft:oak_wood":1,"minecraft:rotten_flesh":9,"minecraft:diamond":2,"minecraft:stone_axe":1,"minecraft:writable_book":1,"minecraft:hay_block":12,"minecraft:bread":1,"minecraft:brown_banner":1,"minecraft:mutton":1,"minecraft:cobblestone":28,"minecraft:white_wool":2},"minecraft:dropped":{"minecolonies:supplychestdeployer":2,"farmersdelight:tomato_seeds":2,"minecraft:bread":13,"minecraft:diamond":2,"minecraft:rotten_flesh":6,"minecraft:leather_chestplate":4,"spartanweaponry:battleaxe_iron":1,"farmersdelight:onion":5,"minecraft:gold_nugget":3,"spartanweaponry:pike_iron":1,"minecraft:stone_pickaxe":1,"minecraft:scaffolding":3},"minecraft:killed":{"recruits:recruit_shieldman":1,"minecraft:zombie":3,"minecraft:chicken":1,"minecraft:drowned":1,"minecraft:villager":1},"minecraft:custom":{"minecraft:interact_with_smithing_table":1,"minecraft:mob_kills":8,"minecraft:interact_with_crafting_table":16,"minecraft:open_barrel":7,"minecraft:play_one_minute":32808,"minecraft:leave_game":1,"minecraft:time_since_death":27705,"minecraft:sleep_in_bed":3,"minecraft:climb_one_cm":3926,"minecraft:time_since_rest":5616,"minecraft:sprint_one_cm":111027,"minecraft:damage_taken":1131,"minecraft:walk_one_cm":84836,"minecraft:drop":23,"minecraft:damage_dealt":1500,"minecraft:swim_one_cm":1657,"minecraft:talked_to_villager":2,"minecraft:fly_one_cm":131620,"minecraft:open_chest":14,"minecraft:crouch_one_cm":1973,"minecraft:deaths":1,"minecraft:sneak_time":371,"minecraft:walk_under_water_one_cm":1641,"minecraft:jump":666,"minecraft:walk_on_water_one_cm":1110,"minecraft:fall_one_cm":18548},"minecraft:used":{"minecraft:stone_sword":1,"minecraft:stone_pickaxe":14,"minecraft:spruce_planks":6,"minecraft:wooden_pickaxe":13,"minecraft:iron_sword":20,"spartanweaponry:battleaxe_iron":6,"minecraft:white_wool":1,"minecraft:crafting_table":2,"minecraft:oak_wood":1,"minecraft:chicken":1,"minecraft:bread":14,"minecraft:barrel":1,"minecraft:stone_axe":29,"minecraft:cobblestone":4,"minecraft:sweet_berries":5,"minecraft:scaffolding":10,"alexsmobs:animal_dictionary":1,"minecraft:egg":1,"minecraft:dandelion":1,"spartanweaponry:scythe_iron":5},"minecraft:mined":{"minecraft:scaffolding":2,"minecraft:white_bed":1,"farmersdelight:wild_carrots":8,"minecraft:dandelion":1,"minecraft:brewing_stand":1,"minecraft:crafting_table":2,"minecraft:grass_block":3,"minecraft:chest":5,"minecraft:white_stained_glass_pane":2,"minecraft:lectern":1,"minecraft:tall_grass":1,"minecraft:cobblestone":13,"minecraft:large_fern":3,"minecraft:hay_block":12,"minecraft:barrel":5,"minecraft:sweet_berry_bush":7,"minecraft:brown_wall_banner":1,"minecraft:spruce_log":8,"minecraft:grass":18,"minecraft:bookshelf":8,"minecraft:dirt":7,"minecraft:stone":13,"minecraft:white_wool":1,"minecraft:fern":2},"minecraft:killed_by":{"minecraft:zombie":1}},"DataVersion":2586}