{"stats":{"minecraft:killed_by":{"minecraft:pillager":5,"iceandfire:sea_serpent":1,"minecraft:zombie":1,"iceandfire:gorgon":1},"minecraft:crafted":{"minecraft:oak_planks":64,"minecraft:wooden_shovel":1,"minecraft:diamond_axe":1,"minecraft:crafting_table":3,"minecraft:spruce_planks":56,"minecraft:wooden_pickaxe":2,"minecraft:shield":2,"minecraft:stick":88,"minecraft:iron_ingot":21,"minecraft:iron_pickaxe":1,"minecraft:stone_sword":1,"minecraft:shears":1,"structurize:blockbarreldeco_standing":1,"minecraft:oak_door":3,"minecolonies:blockhutbuilder":1,"minecraft:stone_pickaxe":2,"minecraft:diamond_boots":1,"minecraft:dark_oak_planks":8,"minecraft:wheat":198,"minecraft:diamond_sword":1,"minecraft:stone_axe":1,"minecolonies:blockhuttavern":1,"minecraft:bread":72,"minecraft:air":0,"minecraft:wooden_axe":1,"minecraft:anvil":1,"minecraft:torch":132},"minecraft:used":{"minecraft:iron_shovel":105,"minecraft:ladder":1,"minecraft:chest":5,"minecraft:shield":85,"minecraft:iron_sword":637,"paraglider:goddess_statue":1,"minecraft:carrot":12,"minecraft:lava_bucket":1,"minecraft:stone_bricks":1,"minecraft:bow":32,"minecraft:sweet_berries":55,"minecraft:scaffolding":10,"minecraft:furnace":1,"minecraft:egg":1,"minecraft:stone_pickaxe":34,"minecraft:oak_planks":44,"minecraft:ender_pearl":1,"minecraft:wooden_pickaxe":13,"minecraft:diamond_axe":2,"spartanweaponry:tomahawk_iron":1,"minecraft:white_wool":1,"minecraft:golden_apple":1,"minecraft:black_banner":1,"minecraft:blast_furnace":3,"endrem:corrupted_eye":1,"minecraft:bread":83,"minecraft:brown_wool":2,"valhelsia_structures:doused_torch":1,"minecraft:diamond_ore":3,"minecraft:diamond_sword":202,"minecraft:smithing_table":2,"spartanweaponry:scythe_iron":45,"minecraft:experience_bottle":1,"minecraft:iron_bars":2,"minecraft:stone_sword":1,"minecraft:spruce_planks":7,"spartanweaponry:battleaxe_iron":6,"minecraft:torch":229,"minecraft:brewing_stand":1,"minecraft:dirt":101,"minecraft:anvil":1,"minecraft:white_carpet":12,"minecraft:oak_wood":1,"farmersdelight:bacon":12,"minecraft:barrel":6,"minecraft:beef":2,"structurize:white_floating_carpet":1,"minecraft:cooked_beef":4,"minecraft:enchanted_golden_apple":2,"minecraft:cracked_stone_bricks":1,"minecraft:crafting_table":7,"minecraft:white_bed":2,"minecolonies:supplychestdeployer":1,"farmersdelight:bacon_and_eggs":33,"minecraft:diamond_pickaxe":60,"minecraft:chicken":1,"minecraft:iron_pickaxe":69,"minecraft:stone_axe":33,"minecraft:cobblestone":24,"minecraft:potion":6,"alexsmobs:animal_dictionary":1,"minecraft:dandelion":2,"minecraft:birch_stairs":1},"minecraft:broken":{"minecraft:iron_boots":1,"minecraft:iron_sword":1,"minecraft:shield":1},"minecraft:picked_up":{"minecolonies:supplycampdeployer":2,"endrem:corrupted_eye":1,"minecraft:diamond_sword":1,"minecraft:potion":4,"minecraft:brewing_stand":1,"iceandfire:manuscript":1,"paraglider:goddess_statue":1,"minecraft:string":104,"alexsmobs:ancient_dart":1,"minecraft:iron_leggings":2,"minecraft:diamond_leggings":1,"minecraft:gold_nugget":3,"minecraft:spruce_planks":21,"minecraft:rose_bush":1,"minecraft:cobblestone_slab":1,"minecraft:enchanted_golden_apple":1,"minecraft:melon_slice":3,"minecraft:coal_block":7,"minecraft:furnace":1,"minecraft:iron_boots":1,"minecraft:diamond_ore":3,"minecraft:tipped_arrow":10,"minecraft:golden_helmet":4,"minecraft:stick":29,"minecolonies:supplychestdeployer":2,"minecraft:acacia_fence":15,"minecraft:torch":155,"alexsmobs:shark_tooth_arrow":1,"minecraft:diorite":10,"minecraft:golden_chestplate":2,"minecraft:brown_carpet":4,"minecraft:stone_sword":1,"minecraft:rotten_flesh":46,"minecraft:iron_block":1,"endrem:rogue_eye":1,"minecraft:iron_bars":21,"minecraft:cobblestone":50,"minecraft:leather_chestplate":9,"minecraft:feather":3,"minecraft:magma_cream":6,"minecraft:iron_door":2,"minecraft:brown_wool":2,"minecraft:golden_leggings":1,"paraglider:spirit_orb":59,"minecraft:flint":4,"minecraft:dirt":125,"minecraft:name_tag":1,"minecraft:twisting_vines":1,"minecraft:leather_boots":2,"minecraft:bone":68,"minecraft:bow":1,"minecraft:wheat_seeds":16,"minecraft:mossy_stone_brick_stairs":1,"iceandfire:shiny_scales":7,"minecraft:sand":9,"iceandfire:stymphalian_bird_feather":24,"minecraft:nether_brick_stairs":2,"minecraft:ink_sac":17,"minecraft:barrel":5,"minecraft:mossy_cobblestone":2,"minecraft:polished_andesite":1,"minecraft:diamond":6,"minecraft:writable_book":1,"minecraft:crossbow":1,"minecraft:granite":1,"minecraft:bread":65,"minecraft:emerald":1,"minecraft:chainmail_helmet":2,"minecraft:bricks":1,"iceandfire:copper_ingot":7,"minecraft:crafting_table":4,"minecraft:chicken":1,"minecraft:ladder":1,"minecraft:leather_leggings":3,"minecraft:brown_mushroom":1,"minecraft:brick":6,"minecraft:shield":1,"minecraft:red_bed":1,"minecraft:iron_axe":1,"minecraft:wooden_sword":1,"minecraft:white_carpet":12,"minecraft:item_frame":1,"minecraft:cracked_stone_bricks":1,"minecraft:beef":6,"valhelsia_structures:doused_torch":1,"minecraft:poppy":1,"minecraft:lectern":1,"minecraft:minecart":1,"minecraft:chest":5,"minecraft:egg":1,"minecraft:stone":1,"minecraft:bowl":6,"farmersdelight:tomato_seeds":1,"structurize:sceptergold":1,"minecraft:carrot":8,"minecraft:arrow":45,"minecraft:hay_block":22,"minecraft:black_banner":1,"minecraft:tube_coral_block":1,"minecraft:mutton":1,"minecraft:skeleton_skull":1,"minecraft:white_wool":2,"minecraft:leather":23,"minecraft:filled_map":1,"minecraft:oak_log":16,"minecraft:gunpowder":7,"magistuarmory:chainmail_horse_armor":1,"minecraft:red_carpet":10,"minecraft:stone_bricks":2,"minecraft:kelp":3,"minecraft:acacia_trapdoor":3,"minecraft:iron_ingot":14,"minecraft:iron_ore":15,"minecraft:glass_bottle":2,"minecraft:iron_sword":2,"minecraft:book":60,"minecraft:scaffolding":13,"spartanweaponry:scythe_iron":1,"dungeonsmod:kraken_tentacle":5,"minecraft:sweet_berries":56,"spartanweaponry:pike_iron":2,"minecraft:dandelion":8,"minecraft:birch_stairs":1,"minecraft:blast_furnace":3,"minecraft:white_bed":2,"minecraft:spruce_log":13,"minecraft:spider_eye":7,"farmersdelight:bacon_and_eggs":7,"minecraft:leather_helmet":3,"minecraft:oak_wood":1,"minecraft:stone_axe":2,"minecraft:baked_potato":2,"minecraft:brown_banner":1,"structurize:white_floating_carpet":1,"minecraft:dark_oak_wood":2,"minecraft:coal":42,"minecraft:ender_pearl":2},"minecraft:killed":{"minecraft:cave_spider":11,"alexsmobs:lobster":1,"recruits:recruit_shieldman":1,"minecraft:spider":9,"iceandfire:stymphalian_bird":4,"minecraft:skeleton":22,"minecraft:chicken":1,"minecraft:silverfish":11,"minecraft:magma_cube":34,"minecraft:pig":1,"recruits:recruit":3,"minecraft:creeper":2,"minecraft:sheep":4,"minecraft:pillager":16,"minecraft:zombie":70,"minecraft:mooshroom":9,"minecraft:stray":13,"alexsmobs:mungus":5,"dungeonsmod:kraken":1,"minecraft:vindicator":1,"minecraft:drowned":1,"iceandfire:hippocampus":1,"iceandfire:cyclops":1,"minecraft:bat":1,"recruits:bowman":1,"minecraft:wither_skeleton":4,"minecraft:villager":6},"minecraft:mined":{"minecraft:stone_pressure_plate":2,"minecraft:white_bed":2,"minecraft:brewing_stand":1,"minecraft:granite":2,"minecraft:grass_block":87,"minecraft:brown_wool":2,"minecraft:coal_block":7,"minecraft:spawner":28,"minecolonies:blockconstructiontape":60,"minecraft:iron_ore":15,"minecraft:fire":5,"minecraft:barrel":5,"minecraft:nether_brick_stairs":3,"minecraft:iron_bars":17,"minecraft:iron_block":1,"minecraft:spruce_slab":1,"minecraft:tripwire":1,"minecraft:red_bed":1,"minecraft:dark_oak_wood":1,"minecraft:blast_furnace":3,"minecraft:poppy":1,"minecraft:chest":5,"minecraft:white_stained_glass_pane":3,"minecraft:cobblestone":22,"minecraft:bricks":1,"minecraft:iron_door":2,"minecraft:brown_wall_banner":1,"minecraft:tnt":1,"minecraft:stone_brick_stairs":3,"minecraft:yellow_stained_glass_pane":1,"minecraft:grass":118,"minecraft:sand":10,"minecraft:dirt":38,"minecraft:netherrack":3,"minecraft:diamond_ore":8,"minecraft:red_carpet":4,"minecraft:mossy_cobblestone":2,"farmersdelight:wild_carrots":8,"minecraft:nether_bricks":4,"minecraft:large_fern":5,"minecraft:hay_block":22,"minecraft:redstone_ore":1,"minecraft:furnace":1,"minecraft:diamond_block":1,"minecraft:nether_brick_fence":3,"minecraft:mossy_stone_brick_stairs":1,"minecraft:bookshelf":8,"minecraft:vine":2,"minecraft:stone":21,"minecraft:white_wool":1,"valhelsia_structures:doused_wall_torch":1,"minecraft:scaffolding":2,"minecraft:glass_pane":1,"minecraft:dandelion":6,"minecraft:crafting_table":2,"minecraft:rose_bush":1,"minecraft:lectern":1,"minecraft:tall_grass":13,"minecraft:diorite":9,"minecraft:sweet_berry_bush":22,"valhelsia_structures:metal_framed_glass_pane":2,"minecraft:black_wall_banner":1,"minecraft:white_carpet":9,"minecraft:spruce_log":8,"minecraft:cobweb":20,"minecraft:cracked_stone_bricks":1,"minecraft:polished_andesite":2,"minecraft:stone_bricks":2,"minecraft:fern":2,"paraglider:goddess_statue":1},"minecraft:custom":{"minecraft:interact_with_crafting_table":43,"minecraft:open_barrel":52,"minecraft:eat_cake_slice":6,"minecraft:leave_game":7,"minecraft:time_since_death":182499,"minecraft:damage_resisted":137,"minecraft:sprint_one_cm":1236902,"minecraft:damage_blocked_by_shield":4283,"minecraft:drop":126,"minecraft:talked_to_villager":12,"minecraft:deaths":8,"minecraft:jump":5530,"minecraft:walk_on_water_one_cm":86549,"minecraft:interact_with_furnace":5,"minecraft:play_one_minute":317901,"minecraft:sleep_in_bed":9,"minecraft:damage_dealt":44822,"minecraft:player_kills":1,"minecraft:crouch_one_cm":6069,"minecraft:interact_with_smoker":2,"minecraft:inspect_dispenser":6,"minecraft:interact_with_smithing_table":3,"minecraft:mob_kills":232,"minecraft:interact_with_anvil":5,"minecraft:climb_one_cm":20184,"minecraft:walk_one_cm":670950,"minecraft:sneak_time":2588,"minecraft:walk_under_water_one_cm":69567,"minecraft:boat_one_cm":69738,"minecraft:interact_with_blast_furnace":4,"minecraft:time_since_rest":21663,"minecraft:damage_taken":2147483647,"minecraft:damage_absorbed":459,"minecraft:swim_one_cm":211177,"minecraft:fly_one_cm":1271598,"minecraft:open_chest":190,"minecraft:fall_one_cm":126135},"minecraft:dropped":{"minecraft:nether_brick_stairs":2,"minecraft:iron_sword":1,"minecraft:baked_potato":1,"minecraft:ender_pearl":2,"minecraft:glass_bottle":5,"minecraft:diamond":2,"minecraft:tube_coral_block":1,"minecraft:crossbow":1,"minecraft:saddle":1,"minecraft:leather_helmet":1,"paraglider:spirit_orb":6,"minecraft:item_frame":1,"minecraft:flint":4,"spartanweaponry:battleaxe_iron":1,"farmersdelight:onion":5,"minecraft:gold_nugget":3,"minecraft:iron_pickaxe":1,"minecraft:bone":23,"minecraft:golden_chestplate":2,"minecraft:twisting_vines":1,"minecraft:rotten_flesh":18,"minecraft:leather_chestplate":8,"minecraft:leather_boots":2,"minecraft:leather_leggings":2,"spartanweaponry:pike_iron":1,"minecraft:iron_bars":9,"minecraft:beef":1,"minecraft:scaffolding":3,"minecraft:acacia_fence":1,"iceandfire:manuscript":1,"farmersdelight:tomato_seeds":2,"minecolonies:supplychestdeployer":2,"minecraft:bread":40,"minecraft:golden_helmet":4,"minecraft:minecart":1,"minecraft:lead":2,"minecraft:apple":4,"minecraft:chainmail_helmet":2,"minecraft:acacia_trapdoor":3,"minecraft:stick":1,"minecraft:torch":69,"minecraft:iron_door":1,"minecraft:iron_leggings":2,"minecraft:iron_axe":1,"minecraft:string":76,"minecraft:dandelion":1,"dungeonsmod:kraken_tentacle":1,"minecraft:stone_sword":1,"minecraft:bowl":8,"minecraft:iron_boots":1,"minecraft:name_tag":1,"minecraft:stone_bricks":1,"minecraft:spider_eye":3,"minecraft:stone_pickaxe":1,"minecraft:magma_cream":6,"minecraft:brick":6}},"DataVersion":2586}