{"stats":{"minecraft:used":{"minecraft:spruce_log":2,"minecraft:crafting_table":1},"minecraft:custom":{"minecraft:jump":22,"minecraft:time_since_rest":2031,"minecraft:leave_game":1,"minecraft:play_one_minute":2031,"minecraft:sprint_one_cm":2753,"minecraft:walk_on_water_one_cm":562,"minecraft:time_since_death":2031,"minecraft:walk_one_cm":1504,"minecraft:walk_under_water_one_cm":118,"minecraft:interact_with_crafting_table":1,"minecraft:swim_one_cm":1474,"minecraft:fall_one_cm":836,"minecraft:fly_one_cm":4561},"minecraft:mined":{"minecraft:spruce_leaves":1,"minecraft:spruce_log":9},"minecraft:crafted":{"minecraft:crafting_table":1,"minecraft:stick":4,"minecraft:spruce_planks":28,"minecraft:wooden_pickaxe":1},"minecraft:picked_up":{"minecraft:spruce_log":9}},"DataVersion":2586}