{"stats":{"minecraft:dropped":{"minecraft:coarse_dirt":2,"minecraft:rotten_flesh":1,"iceandfire:shiny_scales":7,"minecraft:dirt":6,"minecraft:brown_wool":2,"iceandfire:pixie_house_birch":2,"minecraft:light_blue_bed":1},"minecraft:custom":{"minecraft:interact_with_furnace":5,"minecraft:mob_kills":5,"minecraft:interact_with_crafting_table":3,"minecraft:play_one_minute":70816,"minecraft:time_since_death":70816,"minecraft:sleep_in_bed":2,"minecraft:climb_one_cm":270,"minecraft:time_since_rest":10708,"minecraft:sprint_one_cm":85080,"minecraft:damage_taken":797,"minecraft:walk_one_cm":202999,"minecraft:drop":8,"minecraft:damage_dealt":671,"minecraft:swim_one_cm":65316,"minecraft:fly_one_cm":139589,"minecraft:open_chest":9,"minecraft:sneak_time":31,"minecraft:walk_under_water_one_cm":32857,"minecraft:jump":923,"minecraft:walk_on_water_one_cm":84696,"minecraft:fall_one_cm":23054},"minecraft:mined":{"iceandfire:pixie_house_birch":8,"iceandfire:pixie_house_mushroom_brown":4,"minecraft:grass_block":13,"minecraft:brown_wool":2,"iceandfire:pixie_house_oak":3,"minecraft:tall_grass":3,"minecraft:sandstone":2,"minecraft:cyan_wool":12,"minecraft:gray_wool":1,"minecraft:coarse_dirt":9,"minecraft:light_blue_bed":2,"minecraft:sweet_berry_bush":2,"iceandfire:pixie_house_mushroom_red":8,"minecraft:grass":9,"minecraft:mycelium":1,"minecraft:dirt":29,"minecraft:sand":9,"iceandfire:pixie_house_spruce":6,"minecraft:stone":24,"minecraft:fern":1},"minecraft:used":{"minecraft:cooked_mutton":3,"minecraft:chest":1,"minecraft:oak_door":1,"minecraft:dirt":2,"minecraft:crafting_table":1,"minecraft:bread":5,"minecraft:iron_pickaxe":38,"minecraft:light_blue_bed":2,"minecraft:stone_axe":3,"minecraft:sweet_berries":3,"minecraft:furnace":1,"alexsmobs:animal_dictionary":2,"minecraft:cooked_beef":4},"minecraft:killed":{"minecraft:pig":4,"minecraft:pillager":2},"minecraft:picked_up":{"minecraft:coarse_dirt":4,"iceandfire:pixie_house_oak":3,"minecraft:brown_wool":4,"minecraft:lead":2,"minecraft:oak_log":12,"minecraft:dirt":15,"iceandfire:pixie_house_mushroom_red":8,"minecraft:kelp":23,"minecraft:cracked_stone_bricks":1,"minecraft:wheat_seeds":2,"minecraft:cyan_wool":12,"minecraft:polished_andesite_stairs":2,"minecraft:stick":10,"minecraft:sandstone":2,"minecraft:sweet_berries":3,"iceandfire:pixie_house_mushroom_brown":4,"minecraft:torch":1,"minecraft:bowl":7,"minecraft:porkchop":7,"iceandfire:pixie_house_birch":8,"iceandfire:shiny_scales":7,"minecraft:sand":16,"minecraft:light_blue_bed":3,"minecraft:polished_andesite":1,"minecraft:rotten_flesh":3,"iceandfire:pixie_house_spruce":6,"minecraft:gray_wool":1,"minecraft:mutton":3,"minecraft:white_wool":1,"minecraft:cobblestone":24},"minecraft:crafted":{"minecraft:oak_door":3,"minecraft:oak_planks":48,"minecraft:crafting_table":1,"minecraft:furnace":1,"minecraft:cooked_mutton":3,"minecraft:chest":1}},"DataVersion":2586}