{"stats":{"minecraft:used":{"minecraft:cooked_mutton":8,"minecraft:chest":1,"minecraft:oak_door":1,"minecraft:torch":1,"minecraft:dirt":4,"minecraft:crafting_table":1,"minecraft:bread":5,"minecraft:iron_pickaxe":123,"minecraft:light_blue_bed":3,"minecraft:stone_axe":4,"minecraft:cobblestone":1,"minecraft:scaffolding":4,"minecraft:sweet_berries":3,"minecraft:furnace":1,"alexsmobs:animal_dictionary":2,"minecraft:cooked_beef":4},"minecraft:custom":{"minecraft:interact_with_furnace":7,"minecraft:mob_kills":6,"minecraft:interact_with_crafting_table":3,"minecraft:open_barrel":1,"minecraft:play_one_minute":104645,"minecraft:time_since_death":104645,"minecraft:sleep_in_bed":4,"minecraft:climb_one_cm":6374,"minecraft:time_since_rest":0,"minecraft:sprint_one_cm":119183,"minecraft:damage_taken":1186,"minecraft:walk_one_cm":307236,"minecraft:drop":11,"minecraft:damage_dealt":891,"minecraft:swim_one_cm":66175,"minecraft:fly_one_cm":183223,"minecraft:open_chest":15,"minecraft:sneak_time":31,"minecraft:walk_under_water_one_cm":48318,"minecraft:jump":1382,"minecraft:walk_on_water_one_cm":128803,"minecraft:fall_one_cm":29856},"minecraft:killed":{"minecraft:pig":4,"minecraft:pillager":2},"minecraft:dropped":{"minecraft:wheat_seeds":1,"minecraft:coarse_dirt":2,"minecraft:rotten_flesh":1,"minecraft:granite":3,"iceandfire:shiny_scales":7,"minecraft:dirt":14,"minecraft:brown_wool":2,"iceandfire:pixie_house_birch":2,"minecraft:light_blue_bed":1},"minecraft:mined":{"minecraft:scaffolding":1,"minecraft:oak_door":1,"iceandfire:pixie_house_birch":8,"minecraft:crafting_table":1,"minecraft:granite":3,"iceandfire:pixie_house_mushroom_brown":4,"minecraft:grass_block":14,"minecraft:brown_wool":2,"minecraft:chest":1,"iceandfire:pixie_house_oak":3,"minecraft:tall_grass":3,"minecraft:sandstone":2,"minecraft:cyan_wool":12,"minecraft:gray_wool":1,"minecraft:coarse_dirt":9,"minecraft:light_blue_bed":3,"minecraft:furnace":1,"minecraft:sweet_berry_bush":2,"iceandfire:pixie_house_mushroom_red":8,"minecraft:grass":9,"minecraft:mycelium":1,"minecraft:brown_glazed_terracotta":11,"iceandfire:pixie_house_spruce":6,"minecraft:sand":15,"minecraft:dirt":101,"minecraft:stone":80,"minecraft:fern":1},"minecraft:crafted":{"minecraft:oak_door":3,"minecraft:oak_planks":48,"minecraft:crafting_table":1,"minecraft:furnace":1,"minecraft:cooked_mutton":8,"minecraft:chest":1},"minecraft:picked_up":{"minecraft:crafting_table":1,"minecraft:coarse_dirt":4,"iceandfire:pixie_house_oak":3,"minecraft:brown_wool":4,"minecraft:lead":2,"minecraft:oak_log":12,"minecraft:dirt":152,"iceandfire:pixie_house_mushroom_red":8,"minecraft:kelp":23,"minecraft:cracked_stone_bricks":1,"minecraft:wheat_seeds":2,"minecraft:cyan_wool":12,"minecraft:chest":1,"minecraft:furnace":1,"minecraft:scaffolding":4,"minecraft:polished_andesite_stairs":2,"minecraft:stick":10,"minecraft:sandstone":2,"minecraft:oak_door":1,"minecraft:sweet_berries":3,"minecraft:brown_glazed_terracotta":22,"minecraft:bowl":7,"minecraft:torch":1,"iceandfire:pixie_house_mushroom_brown":4,"minecraft:sand":23,"iceandfire:pixie_house_birch":8,"iceandfire:shiny_scales":7,"minecraft:porkchop":7,"minecraft:light_blue_bed":4,"minecraft:polished_andesite":1,"minecraft:rotten_flesh":3,"iceandfire:pixie_house_spruce":6,"minecraft:granite":3,"minecraft:gray_wool":1,"minecraft:mutton":6,"minecraft:white_wool":1,"minecraft:cobblestone":80}},"DataVersion":2586}