{"stats":{"minecraft:killed_by":{"iceandfire:cyclops":1},"minecraft:used":{"minecraft:cooked_mutton":8,"minecraft:chest":1,"minecraft:iron_sword":4,"minecraft:oak_door":1,"minecraft:torch":1,"minecraft:dirt":5,"minecraft:crafting_table":1,"minecraft:bread":5,"minecraft:iron_pickaxe":144,"minecraft:light_blue_bed":4,"minecraft:stone_axe":4,"minecraft:cobblestone":1,"minecraft:scaffolding":4,"minecraft:sweet_berries":3,"minecraft:furnace":1,"minecraft:cooked_porkchop":1,"alexsmobs:animal_dictionary":2,"minecraft:cooked_beef":4},"minecraft:custom":{"minecraft:interact_with_furnace":8,"minecraft:mob_kills":14,"minecraft:interact_with_crafting_table":5,"minecraft:open_barrel":2,"minecraft:play_one_minute":128645,"minecraft:time_since_death":644,"minecraft:sleep_in_bed":4,"minecraft:climb_one_cm":7733,"minecraft:time_since_rest":1770,"minecraft:sprint_one_cm":150459,"minecraft:damage_taken":1728,"minecraft:walk_one_cm":406710,"minecraft:drop":12,"minecraft:damage_dealt":1832,"minecraft:swim_one_cm":66175,"minecraft:fly_one_cm":259439,"minecraft:open_chest":16,"minecraft:deaths":2,"minecraft:sneak_time":31,"minecraft:walk_under_water_one_cm":48854,"minecraft:jump":2088,"minecraft:walk_on_water_one_cm":135775,"minecraft:fall_one_cm":45998},"minecraft:killed":{"minecraft:pig":8,"minecraft:sheep":3,"minecraft:pillager":2,"iceandfire:ghost":1},"minecraft:dropped":{"minecraft:wheat_seeds":1,"minecraft:coarse_dirt":2,"minecraft:rotten_flesh":1,"minecraft:granite":3,"minecraft:cracked_stone_bricks":1,"iceandfire:shiny_scales":7,"minecraft:dirt":14,"minecraft:brown_wool":2,"iceandfire:pixie_house_birch":2,"minecraft:light_blue_bed":1},"minecraft:mined":{"minecraft:scaffolding":1,"minecraft:oak_door":1,"iceandfire:pixie_house_birch":8,"minecraft:crafting_table":1,"minecraft:granite":3,"iceandfire:pixie_house_mushroom_brown":4,"minecraft:grass_block":17,"minecraft:brown_wool":2,"minecraft:chest":1,"iceandfire:pixie_house_oak":3,"minecraft:tall_grass":6,"minecraft:cyan_bed":1,"minecraft:sandstone":2,"minecraft:large_fern":1,"minecraft:cyan_wool":12,"minecraft:gray_wool":1,"minecraft:coarse_dirt":9,"minecraft:light_blue_bed":4,"minecraft:furnace":1,"minecraft:sweet_berry_bush":2,"iceandfire:pixie_house_mushroom_red":8,"minecraft:grass":23,"minecraft:mycelium":1,"minecraft:brown_glazed_terracotta":11,"iceandfire:pixie_house_spruce":6,"minecraft:sand":15,"minecraft:dirt":105,"minecraft:stone":80,"paraglider:goddess_statue":1,"minecraft:fern":1},"minecraft:crafted":{"minecraft:oak_door":3,"minecraft:oak_planks":48,"minecraft:cooked_porkchop":1,"minecraft:crafting_table":1,"minecraft:furnace":1,"minecraft:cooked_mutton":8,"minecraft:iron_boots":1,"minecraft:iron_chestplate":1,"minecraft:iron_pickaxe":1,"minecraft:chest":1,"minecraft:iron_leggings":1},"minecraft:picked_up":{"minecraft:crafting_table":1,"minecraft:coarse_dirt":4,"iceandfire:pixie_house_oak":3,"minecraft:brown_wool":4,"minecraft:lead":2,"minecraft:oak_log":12,"paraglider:goddess_statue":1,"minecraft:dirt":159,"iceandfire:pixie_house_mushroom_red":8,"minecraft:kelp":23,"minecraft:cracked_stone_bricks":1,"minecraft:wheat_seeds":4,"minecraft:cyan_wool":12,"minecraft:chest":1,"minecraft:furnace":1,"minecraft:scaffolding":4,"minecraft:polished_andesite_stairs":2,"minecraft:stick":10,"minecraft:sandstone":2,"minecraft:acacia_fence":2,"minecraft:oak_door":1,"minecraft:sweet_berries":3,"minecraft:brown_glazed_terracotta":22,"minecraft:bowl":7,"minecraft:torch":1,"iceandfire:pixie_house_mushroom_brown":4,"minecraft:sand":23,"iceandfire:pixie_house_birch":8,"iceandfire:shiny_scales":7,"minecraft:porkchop":15,"minecraft:cyan_bed":1,"minecraft:light_blue_bed":5,"minecraft:polished_andesite":1,"minecraft:rotten_flesh":6,"iceandfire:pixie_house_spruce":6,"minecraft:granite":3,"minecraft:gray_wool":1,"minecraft:mutton":10,"structurize:white_floating_carpet":6,"minecraft:white_wool":4,"minecraft:cobblestone":82}},"DataVersion":2586}