{"stats":{"minecraft:killed_by":{"iceandfire:cyclops":1},"minecraft:used":{"minecraft:cooked_mutton":8,"minecraft:chest":1,"minecraft:oak_door":1,"minecraft:torch":1,"minecraft:dirt":4,"minecraft:crafting_table":1,"minecraft:bread":5,"minecraft:iron_pickaxe":144,"minecraft:light_blue_bed":4,"minecraft:stone_axe":4,"minecraft:cobblestone":1,"minecraft:scaffolding":4,"minecraft:sweet_berries":3,"minecraft:furnace":1,"minecraft:cooked_porkchop":1,"alexsmobs:animal_dictionary":2,"minecraft:cooked_beef":4},"minecraft:custom":{"minecraft:interact_with_furnace":8,"minecraft:mob_kills":10,"minecraft:interact_with_crafting_table":5,"minecraft:open_barrel":1,"minecraft:play_one_minute":116645,"minecraft:time_since_death":1229,"minecraft:sleep_in_bed":4,"minecraft:climb_one_cm":7141,"minecraft:time_since_rest":1286,"minecraft:sprint_one_cm":133968,"minecraft:damage_taken":1398,"minecraft:walk_one_cm":362182,"minecraft:drop":12,"minecraft:damage_dealt":1291,"minecraft:swim_one_cm":66175,"minecraft:fly_one_cm":215033,"minecraft:open_chest":15,"minecraft:deaths":1,"minecraft:sneak_time":31,"minecraft:walk_under_water_one_cm":48854,"minecraft:jump":1733,"minecraft:walk_on_water_one_cm":129331,"minecraft:fall_one_cm":35192},"minecraft:killed":{"minecraft:pig":8,"minecraft:pillager":2},"minecraft:dropped":{"minecraft:wheat_seeds":1,"minecraft:coarse_dirt":2,"minecraft:rotten_flesh":1,"minecraft:granite":3,"minecraft:cracked_stone_bricks":1,"iceandfire:shiny_scales":7,"minecraft:dirt":14,"minecraft:brown_wool":2,"iceandfire:pixie_house_birch":2,"minecraft:light_blue_bed":1},"minecraft:mined":{"minecraft:scaffolding":1,"minecraft:oak_door":1,"iceandfire:pixie_house_birch":8,"minecraft:crafting_table":1,"minecraft:granite":3,"iceandfire:pixie_house_mushroom_brown":4,"minecraft:grass_block":14,"minecraft:brown_wool":2,"minecraft:chest":1,"iceandfire:pixie_house_oak":3,"minecraft:tall_grass":6,"minecraft:sandstone":2,"minecraft:cyan_wool":12,"minecraft:gray_wool":1,"minecraft:coarse_dirt":9,"minecraft:light_blue_bed":4,"minecraft:furnace":1,"minecraft:sweet_berry_bush":2,"iceandfire:pixie_house_mushroom_red":8,"minecraft:grass":14,"minecraft:mycelium":1,"minecraft:brown_glazed_terracotta":11,"iceandfire:pixie_house_spruce":6,"minecraft:sand":15,"minecraft:dirt":101,"minecraft:stone":80,"paraglider:goddess_statue":1,"minecraft:fern":1},"minecraft:crafted":{"minecraft:oak_door":3,"minecraft:oak_planks":48,"minecraft:cooked_porkchop":1,"minecraft:crafting_table":1,"minecraft:furnace":1,"minecraft:cooked_mutton":8,"minecraft:iron_boots":1,"minecraft:iron_chestplate":1,"minecraft:iron_pickaxe":1,"minecraft:chest":1,"minecraft:iron_leggings":1},"minecraft:picked_up":{"minecraft:crafting_table":1,"minecraft:coarse_dirt":4,"iceandfire:pixie_house_oak":3,"minecraft:brown_wool":4,"minecraft:lead":2,"minecraft:oak_log":12,"paraglider:goddess_statue":1,"minecraft:dirt":152,"iceandfire:pixie_house_mushroom_red":8,"minecraft:kelp":23,"minecraft:cracked_stone_bricks":1,"minecraft:wheat_seeds":2,"minecraft:cyan_wool":12,"minecraft:chest":1,"minecraft:furnace":1,"minecraft:scaffolding":4,"minecraft:polished_andesite_stairs":2,"minecraft:stick":10,"minecraft:sandstone":2,"minecraft:acacia_fence":2,"minecraft:oak_door":1,"minecraft:sweet_berries":3,"minecraft:brown_glazed_terracotta":22,"minecraft:bowl":7,"minecraft:torch":1,"iceandfire:pixie_house_mushroom_brown":4,"minecraft:sand":23,"iceandfire:pixie_house_birch":8,"iceandfire:shiny_scales":7,"minecraft:porkchop":15,"minecraft:light_blue_bed":5,"minecraft:polished_andesite":1,"minecraft:rotten_flesh":6,"iceandfire:pixie_house_spruce":6,"minecraft:granite":3,"minecraft:gray_wool":1,"minecraft:mutton":6,"structurize:white_floating_carpet":6,"minecraft:white_wool":1,"minecraft:cobblestone":82}},"DataVersion":2586}