{"stats":{"minecraft:killed_by":{"iceandfire:cyclops":1,"iceandfire:ghost":2,"mutantbeasts:mutant_skeleton":1},"minecraft:crafted":{"minecraft:oak_door":3,"minecraft:oak_planks":48,"minecraft:cooked_porkchop":1,"minecraft:crafting_table":3,"minecraft:spruce_planks":36,"minecraft:wooden_pickaxe":1,"minecraft:furnace":1,"minecraft:cooked_mutton":8,"minecraft:iron_chestplate":1,"minecraft:iron_boots":1,"minecraft:stick":4,"minecraft:iron_pickaxe":1,"minecraft:stone_pickaxe":1,"minecraft:chest":1,"minecraft:iron_leggings":1},"minecraft:used":{"minecraft:cooked_mutton":8,"minecraft:stone_pickaxe":46,"minecraft:chest":1,"minecraft:wooden_pickaxe":59,"minecraft:iron_sword":24,"minecraft:oak_door":1,"minecraft:torch":1,"minecraft:dirt":20,"minecraft:mutton":15,"minecraft:crafting_table":3,"minecraft:grass_block":1,"minecraft:bread":5,"minecraft:iron_pickaxe":144,"minecraft:light_blue_bed":4,"minecraft:stone_axe":4,"minecraft:cobblestone":1,"minecraft:scaffolding":4,"minecraft:sweet_berries":3,"minecraft:furnace":1,"minecraft:cooked_porkchop":1,"alexsmobs:animal_dictionary":2,"minecraft:cooked_beef":4},"minecraft:broken":{"minecraft:wooden_pickaxe":1},"minecraft:picked_up":{"minecraft:crafting_table":2,"minecraft:coarse_dirt":4,"iceandfire:pixie_house_oak":3,"minecraft:brown_wool":4,"minecraft:lead":2,"minecraft:oak_log":12,"paraglider:goddess_statue":1,"minecraft:dirt":177,"iceandfire:pixie_house_mushroom_red":8,"minecraft:bone":1,"minecraft:kelp":23,"minecraft:cracked_stone_bricks":1,"minecraft:wheat_seeds":8,"minecraft:cyan_wool":12,"minecraft:chest":1,"minecraft:furnace":1,"minecraft:scaffolding":4,"minecraft:polished_andesite_stairs":2,"minecraft:stick":10,"minecraft:sandstone":2,"minecraft:acacia_fence":2,"minecraft:oak_door":1,"minecraft:sweet_berries":3,"iceandfire:pixie_house_mushroom_brown":4,"minecraft:torch":1,"minecraft:bowl":7,"minecraft:brown_glazed_terracotta":22,"iceandfire:pixie_house_birch":8,"minecraft:porkchop":15,"iceandfire:shiny_scales":7,"minecraft:sand":23,"minecraft:spruce_log":9,"minecraft:grass_block":1,"minecraft:cyan_bed":1,"minecraft:light_blue_bed":5,"minecraft:polished_andesite":1,"minecraft:rotten_flesh":6,"iceandfire:pixie_house_spruce":6,"minecraft:granite":3,"minecraft:gray_wool":2,"minecraft:coal":35,"minecraft:black_wool":1,"minecraft:mutton":27,"minecraft:white_wool":12,"structurize:white_floating_carpet":6,"minecraft:cobblestone":145},"minecraft:killed":{"minecraft:pig":8,"minecraft:sheep":12,"minecraft:pillager":2,"iceandfire:ghost":2,"minecraft:enderman":1},"minecraft:mined":{"minecraft:scaffolding":1,"minecraft:oak_door":1,"iceandfire:pixie_house_birch":8,"minecraft:crafting_table":2,"minecraft:granite":3,"iceandfire:pixie_house_mushroom_brown":4,"minecraft:grass_block":30,"minecraft:brown_wool":2,"minecraft:chest":1,"iceandfire:pixie_house_oak":3,"minecraft:tall_grass":8,"minecraft:spruce_leaves":4,"minecraft:cyan_bed":1,"minecraft:sandstone":2,"minecraft:large_fern":2,"minecraft:cyan_wool":12,"minecraft:gray_wool":1,"minecraft:coarse_dirt":9,"minecraft:light_blue_bed":4,"minecraft:furnace":1,"minecraft:sweet_berry_bush":3,"minecraft:spruce_log":9,"iceandfire:pixie_house_mushroom_red":8,"minecraft:grass":44,"minecraft:coal_ore":35,"minecraft:mycelium":1,"minecraft:brown_glazed_terracotta":11,"minecraft:dirt":110,"minecraft:sand":15,"iceandfire:pixie_house_spruce":6,"minecraft:stone":142,"minecraft:fern":2,"paraglider:goddess_statue":1},"minecraft:custom":{"minecraft:interact_with_furnace":8,"minecraft:mob_kills":25,"minecraft:interact_with_crafting_table":7,"minecraft:open_barrel":3,"minecraft:play_one_minute":174045,"minecraft:leave_game":1,"minecraft:time_since_death":0,"minecraft:sleep_in_bed":5,"minecraft:climb_one_cm":11841,"minecraft:time_since_rest":0,"minecraft:sprint_one_cm":200075,"minecraft:damage_taken":2418,"minecraft:walk_one_cm":522275,"minecraft:drop":13,"minecraft:damage_dealt":3940,"minecraft:swim_one_cm":66175,"minecraft:fly_one_cm":337650,"minecraft:open_chest":18,"minecraft:deaths":5,"minecraft:sneak_time":31,"minecraft:walk_under_water_one_cm":50245,"minecraft:jump":2725,"minecraft:walk_on_water_one_cm":144156,"minecraft:fall_one_cm":63605},"minecraft:dropped":{"minecraft:wheat_seeds":1,"minecraft:coarse_dirt":2,"minecraft:rotten_flesh":1,"minecraft:granite":3,"minecraft:cracked_stone_bricks":1,"iceandfire:shiny_scales":7,"minecraft:dirt":16,"minecraft:brown_wool":2,"iceandfire:pixie_house_birch":2,"minecraft:light_blue_bed":1}},"DataVersion":2586}