{"stats":{"minecraft:killed_by":{"minecraft:wolf":1},"minecraft:used":{"minecraft:flint_and_steel":5,"minecraft:blue_terracotta":13,"minecraft:iron_bars":2,"minecraft:spruce_planks":4,"spartanweaponry:greatsword_iron":27,"minecraft:shield":55,"minecraft:iron_sword":394,"spartanweaponry:battleaxe_iron":4,"minecraft:netherrack":1,"minecraft:torch":1,"minecraft:dirt":20,"minecraft:anvil":1,"minecraft:nether_bricks":1,"minecraft:granite":1,"minecraft:spruce_boat":2,"minecraft:brown_carpet":2,"minecraft:sweet_berries":51,"minecraft:mossy_stone_bricks":2,"minecraft:stone_pickaxe":97,"minecraft:oak_planks":38,"minecraft:wooden_pickaxe":6,"minecraft:diamond_axe":26,"spartanweaponry:tomahawk_iron":8,"minecraft:golden_apple":3,"minecraft:tnt":1,"minecraft:crafting_table":4,"minecraft:crossbow":3,"minecraft:white_bed":1,"minecraft:diamond_pickaxe":80,"minecraft:flower_pot":1,"minecraft:apple":8,"minecraft:bread":56,"minecraft:cyan_bed":2,"minecraft:string":1,"minecraft:soul_lantern":1,"minecraft:stripped_warped_hyphae":1,"minecraft:stone_axe":51,"minecraft:potion":7,"minecraft:andesite":1,"alexsmobs:animal_dictionary":2,"minecraft:experience_bottle":3},"minecraft:custom":{"minecraft:mob_kills":100,"minecraft:interact_with_crafting_table":10,"minecraft:open_barrel":9,"minecraft:eat_cake_slice":8,"minecraft:leave_game":2,"minecraft:time_since_death":171155,"minecraft:climb_one_cm":16593,"minecraft:sprint_one_cm":633481,"minecraft:walk_one_cm":381182,"minecraft:damage_blocked_by_shield":3040,"minecraft:drop":178,"minecraft:talked_to_villager":1,"minecraft:sneak_time":8521,"minecraft:deaths":1,"minecraft:walk_under_water_one_cm":27442,"minecraft:boat_one_cm":988,"minecraft:interact_with_brewingstand":1,"minecraft:jump":1841,"minecraft:walk_on_water_one_cm":62175,"minecraft:interact_with_furnace":1,"minecraft:play_one_minute":182388,"minecraft:sleep_in_bed":6,"minecraft:time_since_rest":27726,"minecraft:damage_taken":3895,"minecraft:damage_absorbed":120,"minecraft:damage_dealt":18811,"minecraft:swim_one_cm":83402,"minecraft:fly_one_cm":336354,"minecraft:open_chest":125,"minecraft:crouch_one_cm":19332,"minecraft:fall_one_cm":47956,"minecraft:horse_one_cm":20220},"minecraft:killed":{"minecraft:cave_spider":7,"alexsmobs:raccoon":1,"minecraft:spider":3,"minecraft:horse":2,"minecraft:skeleton":13,"minecraft:drowned":13,"majruszs_difficulty:creeperling":1,"recruits:recruit":1,"minecraft:creeper":1,"minecraft:sheep":5,"minecraft:pillager":9,"minecraft:zombie":14,"alexsmobs:crocodile":1,"alexsmobs:gazelle":1,"minecraft:stray":6,"minecraft:wither_skeleton":10},"minecraft:dropped":{"minecraft:iron_ingot":26,"minecraft:iron_sword":1,"alexsmobs:shark_tooth_arrow":1,"minecraft:wheat_seeds":1,"minecraft:baked_potato":1,"minecraft:glass_bottle":11,"minecolonies:supplycampdeployer":1,"minecraft:crossbow":3,"minecraft:iron_helmet":2,"minecraft:cobblestone":11,"minecraft:book":44,"minecraft:saddle":1,"minecraft:brown_banner":1,"minecraft:coal":30,"minecraft:leather_helmet":1,"farmersdelight:rice":10,"minecraft:coal_block":1,"paraglider:spirit_orb":9,"minecraft:cod":12,"minecraft:stick":7,"minecraft:dirt":19,"iceandfire:podium_spruce":2,"minecraft:torch":65,"minecraft:nether_wart_block":1,"minecraft:rose_bush":2,"spartanweaponry:tomahawk_iron":1,"minecraft:potion":3,"minecraft:iron_leggings":2,"minecraft:wooden_sword":1,"minecraft:string":66,"minecraft:lily_pad":1,"minecraft:bone":1,"iceandfire:stymphalian_bird_feather":1,"minecraft:stone_axe":2,"minecraft:kelp":1,"dynamictrees:oak_seed":1,"spartanweaponry:scythe_iron":1,"alexsmobs:animal_dictionary":2,"endrem:rogue_eye":1,"minecraft:rotten_flesh":7,"minecraft:oak_planks":2,"minecraft:iron_boots":1,"alexsmobs:ancient_dart":1,"minecraft:nether_brick_fence":1,"minecraft:nether_bricks":12,"minecraft:chainmail_chestplate":3,"minecraft:filled_map":1,"magistuarmory:chainmail_horse_armor":1,"minecraft:leather_chestplate":2,"minecraft:tipped_arrow":5,"minecraft:shield":2,"minecraft:iron_chestplate":3,"minecraft:leather_boots":1,"iceandfire:bestiary":2,"minecraft:leather_leggings":2,"minecraft:stone_pressure_plate":2,"minecraft:spider_eye":1,"spartanweaponry:pike_iron":2,"minecraft:brown_carpet":4,"minecraft:arrow":9,"minecraft:stone_pickaxe":2,"minecraft:netherrack":3},"minecraft:crafted":{"minecraft:oak_planks":40,"minecraft:spruce_boat":1,"minecraft:crafting_table":4,"minecraft:spruce_planks":92,"minecraft:stone_axe":1,"minecraft:shield":1,"minecraft:stick":16,"minecraft:gold_ingot":18,"minecraft:white_bed":1,"minecraft:torch":64},"minecraft:mined":{"minecraft:spruce_planks":5,"minecraft:red_carpet":1,"iceandfire:silver_ore":1,"minecraft:mossy_cobblestone":1,"minecraft:brewing_stand":2,"minecraft:obsidian":4,"minecraft:dark_oak_fence":1,"minecraft:nether_bricks":11,"minecraft:granite":4,"minecraft:grass_block":3,"iceandfire:lectern":2,"minecraft:coal_block":1,"minecraft:spruce_leaves":11,"minecraft:stripped_warped_hyphae":1,"minecraft:kelp":1,"minecraft:spawner":21,"minecraft:light_blue_stained_glass":1,"minecraft:large_fern":6,"minecraft:hay_block":47,"minecraft:tall_seagrass":1,"minecraft:furnace":3,"minecraft:iron_ore":2,"minecraft:fire":4,"valhelsia_structures:andesite":1,"minecraft:anvil":4,"minecraft:twisting_vines":2,"minecraft:mossy_stone_brick_stairs":2,"minecraft:bookshelf":30,"iceandfire:gold_pile":3,"minecraft:vine":1,"minecraft:iron_bars":7,"minecraft:brain_coral_wall_fan":1,"minecraft:potted_spruce_sapling":1,"minecraft:stone":17,"iceandfire:podium_spruce":1,"minecraft:spruce_slab":1,"minecraft:podzol":1,"minecraft:smithing_table":2,"minecraft:scaffolding":3,"minecraft:brown_mushroom":1,"minecraft:glass_pane":1,"minecraft:soul_sand":1,"minecraft:brown_carpet":6,"minecraft:polished_granite":1,"minecraft:crafting_table":1,"minecraft:torch":1,"minecraft:blast_furnace":2,"minecraft:oak_wood":11,"minecraft:rose_bush":2,"minecraft:dead_bush":1,"minecraft:lectern":1,"minecraft:tall_grass":7,"minecraft:cobblestone":6,"minecraft:cyan_bed":2,"minecraft:lily_pad":2,"minecraft:oak_planks":1,"minecraft:iron_door":1,"minecraft:wall_torch":1,"minecraft:seagrass":3,"minecraft:purple_wool":6,"minecraft:cyan_wool":2,"minecraft:blue_terracotta":21,"minecraft:dark_oak_slab":2,"minecraft:nether_wart_block":1,"minecraft:sweet_berry_bush":23,"valhelsia_structures:metal_framed_glass_pane":3,"minecraft:spruce_log":6,"minecraft:brown_wall_banner":1,"minecraft:grass":11,"minecraft:oak_log":2,"minecraft:coal_ore":11,"minecraft:dirt":8,"minecraft:cobweb":15,"minecraft:cracked_stone_bricks":4,"minecraft:polished_andesite":1,"minecraft:piston":3,"minecraft:netherrack":20,"minecraft:chipped_anvil":2,"minecraft:mossy_stone_bricks":4,"minecraft:fern":3,"paraglider:goddess_statue":1},"minecraft:picked_up":{"minecraft:stripped_warped_hyphae":1,"minecraft:crafting_table":1,"minecraft:iron_chestplate":2,"minecraft:purple_wool":3,"minecraft:flower_pot":1,"iceandfire:witherbone":5,"minecraft:nether_brick_fence":1,"minecraft:anvil":4,"minecraft:leather_leggings":3,"minecraft:smithing_table":2,"minecraft:brain_coral_block":1,"minecraft:brewing_stand":2,"minecraft:shield":2,"minecraft:string":67,"minecraft:wooden_sword":1,"minecraft:iron_leggings":2,"spartanweaponry:battleaxe_iron":1,"iceandfire:bestiary":2,"minecraft:spruce_planks":4,"minecraft:rose_bush":2,"minecraft:cyan_wool":2,"dynamictrees:oak_seed":2,"minecraft:lectern":1,"minecraft:coal_block":1,"minecraft:piston":2,"minecraft:furnace":3,"minecraft:tipped_arrow":6,"minecraft:stick":32,"minecraft:torch":5,"minecraft:carrot":1,"minecraft:stone_pressure_plate":2,"minecraft:brown_carpet":6,"minecraft:arrow":23,"minecraft:rotten_flesh":14,"minecraft:nether_bricks":13,"minecraft:hay_block":47,"minecraft:gold_ingot":1,"minecraft:tube_coral_block":1,"minecraft:saddle":2,"minecraft:obsidian":4,"minecraft:mutton":8,"minecraft:iron_bars":5,"minecraft:white_wool":7,"minecraft:cobblestone":23,"minecraft:leather_chestplate":2,"farmersdelight:rice":10,"minecraft:andesite":1,"paraglider:spirit_orb":16,"minecraft:chainmail_chestplate":2,"minecraft:lily_pad":1,"minecraft:nether_wart_block":1,"minecraft:dirt":40,"minecraft:twisting_vines":1,"minecraft:leather_boots":1,"minecraft:bone":1,"minecraft:apple":4,"minecraft:kelp":1,"minecraft:wheat_seeds":3,"minecraft:iron_ingot":25,"minecraft:stone_pickaxe":2,"minecraft:iron_ore":2,"minecraft:mossy_stone_bricks":2,"minecraft:glass_bottle":4,"minecraft:oak_planks":3,"minecraft:book":89,"minecraft:scaffolding":12,"minecraft:sweet_berries":53,"iceandfire:podium_spruce":2,"spartanweaponry:pike_iron":1,"minecraft:spruce_sapling":5,"iceandfire:stymphalian_bird_feather":1,"minecraft:blast_furnace":2,"minecraft:spruce_log":6,"minecraft:cyan_bed":2,"minecraft:spider_eye":1,"alexsmobs:animal_dictionary":1,"minecraft:oak_wood":10,"minecraft:blue_terracotta":18,"minecraft:spruce_boat":1,"minecraft:diamond":2,"minecraft:stone_axe":1,"minecraft:soul_lantern":1,"iceandfire:lectern":2,"minecraft:granite":1,"minecraft:iron_helmet":1,"minecraft:crossbow":4,"minecraft:diamond_axe":1,"minecraft:bread":35,"minecraft:emerald":1,"minecraft:baked_potato":1,"minecraft:brown_banner":1,"minecraft:netherrack":4,"minecraft:dark_oak_fence":1,"minecraft:coal":24,"minecraft:diamond_pickaxe":1}},"DataVersion":2586}