{"stats":{"minecraft:crafted":{"minecraft:oak_planks":40,"minecraft:crafting_table":3,"minecraft:spruce_planks":44,"minecraft:stone_axe":1,"minecraft:shield":1,"minecraft:white_bed":1},"minecraft:picked_up":{"minecraft:crafting_table":1,"minecraft:leather_chestplate":2,"minecraft:purple_wool":3,"farmersdelight:rice":10,"minecraft:flower_pot":1,"minecraft:leather_leggings":2,"minecraft:smithing_table":2,"minecraft:brewing_stand":1,"minecraft:dirt":27,"minecraft:wooden_sword":1,"minecraft:leather_boots":1,"spartanweaponry:battleaxe_iron":1,"minecraft:wheat_seeds":3,"minecraft:spruce_planks":3,"minecraft:stone_pickaxe":1,"dynamictrees:oak_seed":2,"minecraft:oak_planks":3,"minecraft:piston":2,"minecraft:book":24,"minecraft:furnace":3,"minecraft:scaffolding":12,"minecraft:stick":9,"minecraft:sweet_berries":26,"spartanweaponry:pike_iron":1,"minecraft:spruce_sapling":5,"minecraft:blast_furnace":1,"minecraft:spruce_log":6,"minecraft:cyan_bed":2,"alexsmobs:animal_dictionary":1,"minecraft:stone_pressure_plate":2,"minecraft:brown_carpet":6,"minecraft:oak_wood":10,"minecraft:blue_terracotta":18,"minecraft:diamond":2,"minecraft:stone_axe":1,"minecraft:bread":13,"minecraft:brown_banner":1,"minecraft:dark_oak_fence":1,"minecraft:mutton":8,"minecraft:coal":11,"minecraft:white_wool":7,"minecraft:cobblestone":6},"minecraft:dropped":{"minecraft:iron_sword":1,"minecraft:stone_axe":1,"alexsmobs:shark_tooth_arrow":1,"minecraft:wheat_seeds":1,"dynamictrees:oak_seed":1,"spartanweaponry:scythe_iron":1,"alexsmobs:animal_dictionary":2,"minecraft:oak_planks":2,"minecraft:brown_banner":1,"farmersdelight:rice":10,"minecraft:stick":7,"minecraft:filled_map":1,"minecraft:leather_chestplate":2,"minecraft:leather_boots":1,"spartanweaponry:tomahawk_iron":1,"minecraft:stone_pressure_plate":2,"minecraft:leather_leggings":1,"minecraft:wooden_sword":1,"minecraft:brown_carpet":4,"spartanweaponry:pike_iron":2},"minecraft:killed":{"majruszs_difficulty:creeperling":1,"recruits:recruit":1,"minecraft:sheep":5,"minecraft:pillager":2,"minecraft:zombie":2},"minecraft:custom":{"minecraft:interact_with_furnace":1,"minecraft:mob_kills":11,"minecraft:interact_with_crafting_table":9,"minecraft:open_barrel":5,"minecraft:play_one_minute":51179,"minecraft:leave_game":2,"minecraft:time_since_death":39946,"minecraft:sleep_in_bed":4,"minecraft:climb_one_cm":7183,"minecraft:time_since_rest":1077,"minecraft:sprint_one_cm":145011,"minecraft:walk_one_cm":97044,"minecraft:damage_taken":923,"minecraft:damage_blocked_by_shield":1745,"minecraft:drop":24,"minecraft:damage_dealt":2250,"minecraft:swim_one_cm":767,"minecraft:talked_to_villager":1,"minecraft:fly_one_cm":102870,"minecraft:open_chest":26,"minecraft:crouch_one_cm":9464,"minecraft:deaths":1,"minecraft:sneak_time":4527,"minecraft:walk_under_water_one_cm":283,"minecraft:jump":617,"minecraft:interact_with_brewingstand":1,"minecraft:walk_on_water_one_cm":1003,"minecraft:fall_one_cm":16285},"minecraft:used":{"minecraft:blue_terracotta":11,"minecraft:stone_pickaxe":45,"minecraft:spruce_planks":2,"minecraft:shield":32,"spartanweaponry:greatsword_iron":21,"minecraft:wooden_pickaxe":6,"minecraft:iron_sword":24,"spartanweaponry:tomahawk_iron":4,"spartanweaponry:battleaxe_iron":4,"minecraft:crafting_table":3,"minecraft:white_bed":1,"minecraft:flower_pot":1,"minecraft:cyan_bed":2,"minecraft:bread":10,"minecraft:stone_axe":42,"minecraft:brown_carpet":2,"minecraft:sweet_berries":26,"alexsmobs:animal_dictionary":1,"minecraft:experience_bottle":1},"minecraft:mined":{"minecraft:smithing_table":2,"minecraft:spruce_planks":3,"minecraft:scaffolding":3,"minecraft:glass_pane":1,"minecraft:brown_carpet":6,"minecraft:brewing_stand":1,"minecraft:crafting_table":1,"minecraft:dark_oak_fence":1,"minecraft:blast_furnace":1,"minecraft:oak_wood":11,"minecraft:grass_block":1,"minecraft:dead_bush":1,"minecraft:tall_grass":2,"minecraft:cobblestone":6,"minecraft:spruce_leaves":11,"minecraft:cyan_bed":2,"minecraft:oak_planks":1,"minecraft:large_fern":4,"minecraft:purple_wool":6,"minecraft:blue_terracotta":21,"minecraft:dark_oak_slab":2,"minecraft:furnace":3,"minecraft:sweet_berry_bush":12,"minecraft:brown_wall_banner":1,"minecraft:spruce_log":6,"minecraft:grass":5,"minecraft:bookshelf":8,"minecraft:coal_ore":11,"minecraft:potted_spruce_sapling":1,"minecraft:piston":3,"minecraft:spruce_slab":1,"minecraft:fern":1},"minecraft:killed_by":{"minecraft:wolf":1}},"DataVersion":2586}