{"stats":{"minecraft:used":{"alexsmobs:animal_dictionary":1},"minecraft:custom":{"minecraft:jump":14,"minecraft:time_since_rest":2272,"minecraft:damage_taken":40,"minecraft:crouch_one_cm":6,"minecraft:play_one_minute":2272,"minecraft:walk_one_cm":3086,"minecraft:leave_game":1,"minecraft:sprint_one_cm":4646,"minecraft:time_since_death":2272,"minecraft:sneak_time":171,"minecraft:fall_one_cm":209,"minecraft:fly_one_cm":1179},"minecraft:mined":{"minecraft:sweet_berry_bush":2,"minecraft:spruce_log":3},"minecraft:picked_up":{"minecraft:spruce_sapling":1,"minecraft:sweet_berries":5,"minecraft:spruce_log":3}},"DataVersion":2586}