{"stats":{"minecraft:crafted":{"minecraft:oak_planks":40,"minecraft:crafting_table":3,"minecraft:spruce_planks":44,"minecraft:stone_axe":1,"minecraft:shield":1,"minecraft:white_bed":1},"minecraft:picked_up":{"minecraft:anvil":4,"minecraft:andesite":1,"minecraft:crafting_table":1,"minecraft:leather_chestplate":2,"minecraft:purple_wool":3,"farmersdelight:rice":10,"minecraft:flower_pot":1,"minecraft:leather_leggings":3,"minecraft:smithing_table":2,"minecraft:brewing_stand":1,"minecraft:dirt":40,"minecraft:wooden_sword":1,"minecraft:leather_boots":1,"spartanweaponry:battleaxe_iron":1,"minecraft:wheat_seeds":3,"minecraft:spruce_planks":4,"minecraft:iron_ore":2,"minecraft:stone_pickaxe":1,"minecraft:mossy_stone_bricks":2,"dynamictrees:oak_seed":2,"minecraft:oak_planks":3,"minecraft:piston":2,"minecraft:book":30,"minecraft:furnace":3,"minecraft:scaffolding":12,"minecraft:stick":9,"minecraft:sweet_berries":31,"spartanweaponry:pike_iron":1,"minecraft:spruce_sapling":5,"minecraft:blast_furnace":1,"minecraft:spruce_log":6,"minecraft:cyan_bed":2,"alexsmobs:animal_dictionary":1,"minecraft:stone_pressure_plate":2,"minecraft:brown_carpet":6,"minecraft:oak_wood":10,"minecraft:blue_terracotta":18,"minecraft:diamond":2,"minecraft:stone_axe":1,"minecraft:crossbow":1,"minecraft:bread":13,"minecraft:netherrack":1,"minecraft:brown_banner":1,"minecraft:dark_oak_fence":1,"minecraft:mutton":8,"minecraft:coal":11,"minecraft:white_wool":7,"minecraft:cobblestone":12},"minecraft:dropped":{"minecraft:iron_sword":1,"minecraft:stone_axe":1,"alexsmobs:shark_tooth_arrow":1,"minecraft:wheat_seeds":1,"dynamictrees:oak_seed":1,"spartanweaponry:scythe_iron":1,"alexsmobs:animal_dictionary":2,"minecraft:oak_planks":2,"minecraft:brown_banner":1,"minecraft:leather_helmet":1,"farmersdelight:rice":10,"minecraft:dirt":19,"minecraft:stick":7,"minecraft:filled_map":1,"minecraft:leather_chestplate":2,"minecraft:leather_boots":1,"spartanweaponry:tomahawk_iron":1,"minecraft:stone_pressure_plate":2,"minecraft:leather_leggings":2,"minecraft:wooden_sword":1,"minecraft:brown_carpet":4,"spartanweaponry:pike_iron":2},"minecraft:killed":{"majruszs_difficulty:creeperling":1,"alexsmobs:raccoon":1,"recruits:recruit":1,"minecraft:creeper":1,"minecraft:sheep":5,"minecraft:pillager":6,"minecraft:zombie":2},"minecraft:custom":{"minecraft:interact_with_furnace":1,"minecraft:mob_kills":17,"minecraft:interact_with_crafting_table":9,"minecraft:open_barrel":5,"minecraft:play_one_minute":87179,"minecraft:eat_cake_slice":5,"minecraft:leave_game":2,"minecraft:time_since_death":75946,"minecraft:sleep_in_bed":4,"minecraft:climb_one_cm":9709,"minecraft:time_since_rest":37077,"minecraft:sprint_one_cm":230518,"minecraft:walk_one_cm":145425,"minecraft:damage_taken":1527,"minecraft:damage_blocked_by_shield":1840,"minecraft:drop":27,"minecraft:damage_dealt":4154,"minecraft:swim_one_cm":44625,"minecraft:talked_to_villager":1,"minecraft:fly_one_cm":179295,"minecraft:open_chest":32,"minecraft:crouch_one_cm":11622,"minecraft:deaths":1,"minecraft:sneak_time":5945,"minecraft:walk_under_water_one_cm":5198,"minecraft:jump":1074,"minecraft:interact_with_brewingstand":1,"minecraft:walk_on_water_one_cm":17155,"minecraft:fall_one_cm":27576},"minecraft:used":{"minecraft:mossy_stone_bricks":2,"minecraft:blue_terracotta":13,"minecraft:flint_and_steel":1,"minecraft:stone_pickaxe":69,"minecraft:spruce_planks":4,"minecraft:shield":33,"spartanweaponry:greatsword_iron":27,"minecraft:wooden_pickaxe":6,"minecraft:iron_sword":59,"spartanweaponry:tomahawk_iron":5,"spartanweaponry:battleaxe_iron":4,"minecraft:netherrack":1,"minecraft:dirt":20,"minecraft:anvil":1,"minecraft:crafting_table":3,"minecraft:white_bed":1,"minecraft:flower_pot":1,"minecraft:cyan_bed":2,"minecraft:bread":22,"minecraft:stone_axe":49,"minecraft:brown_carpet":2,"minecraft:sweet_berries":26,"minecraft:andesite":1,"alexsmobs:animal_dictionary":2,"minecraft:experience_bottle":1},"minecraft:mined":{"minecraft:red_carpet":1,"minecraft:smithing_table":2,"minecraft:spruce_planks":5,"minecraft:scaffolding":3,"minecraft:glass_pane":1,"minecraft:brown_carpet":6,"minecraft:brewing_stand":1,"minecraft:crafting_table":1,"minecraft:granite":3,"minecraft:dark_oak_fence":1,"minecraft:blast_furnace":1,"minecraft:oak_wood":11,"minecraft:grass_block":3,"minecraft:dead_bush":1,"minecraft:tall_grass":2,"minecraft:cobblestone":6,"minecraft:spruce_leaves":11,"minecraft:cyan_bed":2,"minecraft:oak_planks":1,"minecraft:large_fern":6,"minecraft:seagrass":1,"minecraft:purple_wool":6,"minecraft:tall_seagrass":1,"minecraft:blue_terracotta":21,"minecraft:dark_oak_slab":2,"minecraft:furnace":3,"minecraft:iron_ore":2,"valhelsia_structures:metal_framed_glass_pane":3,"minecraft:sweet_berry_bush":15,"valhelsia_structures:andesite":1,"minecraft:brown_wall_banner":1,"minecraft:spruce_log":6,"minecraft:anvil":4,"minecraft:grass":6,"minecraft:bookshelf":10,"minecraft:coal_ore":11,"minecraft:potted_spruce_sapling":1,"minecraft:dirt":8,"minecraft:cracked_stone_bricks":2,"minecraft:stone":6,"minecraft:netherrack":1,"minecraft:chipped_anvil":2,"minecraft:mossy_stone_bricks":2,"minecraft:piston":3,"minecraft:spruce_slab":1,"minecraft:fern":2},"minecraft:killed_by":{"minecraft:wolf":1}},"DataVersion":2586}