{"stats":{"minecraft:killed_by":{"minecraft:wolf":1},"minecraft:used":{"minecraft:blue_terracotta":13,"minecraft:iron_shovel":255,"minecraft:chest":4,"minecraft:shield":83,"minecraft:iron_sword":598,"paraglider:goddess_statue":1,"minecraft:nether_bricks":1,"minecraft:obsidian":10,"minecraft:spruce_boat":2,"minecraft:brown_carpet":2,"minecraft:sweet_berries":51,"minecraft:mossy_stone_bricks":2,"minecraft:stone_pickaxe":97,"minecraft:oak_planks":59,"minecraft:wooden_pickaxe":6,"minecraft:diamond_axe":248,"spartanweaponry:tomahawk_iron":8,"minecraft:golden_apple":5,"minecraft:sand":2,"minecraft:blast_furnace":2,"minecolonies:blockminecoloniesrack":1,"minecraft:crossbow":3,"minecraft:shears":41,"minecraft:cyan_bed":2,"minecraft:bread":129,"minecraft:string":1,"minecraft:lectern":1,"minecraft:soul_lantern":1,"minecraft:stripped_warped_hyphae":1,"minecraft:andesite":1,"minecraft:oak_boat":1,"minecraft:experience_bottle":3,"minecraft:enchanting_table":1,"minecraft:iron_bars":2,"minecraft:flint_and_steel":10,"spartanweaponry:greatsword_iron":27,"minecraft:spruce_planks":8,"spartanweaponry:battleaxe_iron":4,"minecraft:netherrack":1,"minecraft:torch":10,"minecraft:dirt":279,"minecraft:anvil":1,"minecraft:white_carpet":14,"minecraft:granite":1,"minecraft:bookshelf":19,"alexsmobs:lobster_bucket":1,"minecraft:acacia_planks":3,"minecraft:water_bucket":1,"minecraft:cobblestone_slab":2,"minecraft:tnt":1,"minecraft:crafting_table":7,"minecraft:red_bed":1,"minecraft:white_bed":1,"minecraft:flower_pot":1,"minecraft:diamond_pickaxe":153,"minecraft:apple":8,"minecraft:stone_axe":51,"minecraft:cobblestone":24,"minecraft:potion":8,"minecraft:bucket":3,"alexsmobs:animal_dictionary":2,"minecraft:dandelion":2},"minecraft:custom":{"minecraft:interact_with_crafting_table":43,"minecraft:open_barrel":18,"minecraft:eat_cake_slice":8,"minecraft:leave_game":2,"minecraft:time_since_death":279155,"minecraft:sprint_one_cm":913595,"minecraft:damage_blocked_by_shield":4290,"minecraft:drop":295,"minecraft:talked_to_villager":4,"minecraft:deaths":1,"minecraft:jump":2944,"minecraft:interact_with_brewingstand":1,"minecraft:walk_on_water_one_cm":79161,"minecraft:interact_with_furnace":1,"minecraft:play_one_minute":290388,"minecraft:sleep_in_bed":6,"minecraft:damage_dealt":28256,"minecraft:crouch_one_cm":26862,"minecraft:inspect_dispenser":1,"minecraft:horse_one_cm":20220,"minecraft:mob_kills":144,"minecraft:climb_one_cm":31287,"minecraft:walk_one_cm":664849,"minecraft:sneak_time":10326,"minecraft:walk_under_water_one_cm":45801,"minecraft:boat_one_cm":3196,"minecraft:time_since_rest":135726,"minecraft:damage_absorbed":159,"minecraft:damage_taken":7242,"minecraft:swim_one_cm":123187,"minecraft:fly_one_cm":523553,"minecraft:open_chest":199,"minecraft:fall_one_cm":71066},"minecraft:killed":{"minecraft:cave_spider":7,"minecraft:spider":5,"minecraft:skeleton":18,"minecraft:silverfish":2,"minecraft:magma_cube":4,"recruits:recruit":1,"minecraft:creeper":1,"minecraft:sheep":5,"minecraft:pillager":12,"minecraft:zombie":24,"minecraft:stray":12,"alexsmobs:raccoon":1,"alexsmobs:tasmanian_devil":1,"minecraft:horse":2,"minecraft:drowned":14,"majruszs_difficulty:creeperling":2,"alexsmobs:crocodile":1,"alexsmobs:gazelle":1,"recruits:bowman":1,"minecraft:wither_skeleton":10,"minecraft:villager":2,"minecraft:enderman":1},"minecraft:dropped":{"minecraft:iron_sword":1,"spartanweaponry:greatsword_iron":1,"alexsmobs:shark_tooth_arrow":1,"minecraft:baked_potato":1,"minecraft:glass_bottle":15,"minecolonies:supplycampdeployer":1,"minecraft:tube_coral_block":1,"minecraft:crossbow":3,"minecraft:saddle":1,"minecraft:brown_banner":1,"minecraft:leather_helmet":1,"farmersdelight:rice":10,"minecraft:cod":12,"paraglider:spirit_orb":15,"minecraft:red_carpet":1,"minecraft:item_frame":1,"minecraft:emerald":7,"minecraft:dirt":28,"spartanweaponry:tomahawk_iron":1,"minecraft:wooden_sword":1,"minecraft:sand":2,"minecraft:bone":15,"iceandfire:stymphalian_bird_feather":1,"minecraft:stone_axe":2,"minecraft:emerald_block":1,"dynamictrees:oak_seed":1,"alexsmobs:animal_dictionary":2,"minecraft:twisting_vines":3,"endrem:rogue_eye":1,"minecraft:rotten_flesh":31,"minecraft:oak_planks":15,"minecraft:light_gray_carpet":1,"minecraft:nether_brick_fence":1,"minecraft:chainmail_chestplate":3,"minecraft:leather_chestplate":2,"minecraft:tipped_arrow":5,"minecraft:leather_boots":1,"iceandfire:bestiary":2,"minecraft:leather_leggings":2,"spartanweaponry:pike_iron":2,"minecraft:spruce_slab":1,"minecraft:arrow":9,"structurize:sceptergold":1,"minecraft:netherrack":3,"minecraft:iron_ingot":27,"minecraft:bread":70,"minecraft:wheat_seeds":2,"minecraft:cobblestone":11,"minecraft:iron_helmet":2,"minecraft:book":44,"minecraft:coal":30,"minecraft:coal_block":1,"minecraft:stick":7,"iceandfire:podium_spruce":2,"minecraft:brewing_stand":1,"minecraft:torch":65,"minecraft:nether_wart_block":1,"minecraft:rose_bush":2,"minecraft:potion":3,"minecraft:iron_leggings":2,"minecraft:iron_axe":1,"minecraft:string":67,"minecraft:lily_pad":1,"minecraft:dandelion":1,"minecraft:kelp":1,"spartanweaponry:scythe_iron":1,"minecraft:iron_boots":1,"alexsmobs:ancient_dart":1,"minecraft:nether_bricks":12,"minecraft:filled_map":1,"magistuarmory:chainmail_horse_armor":1,"minecraft:shield":2,"minecraft:spruce_planks":37,"minecraft:iron_chestplate":3,"minecraft:stone_pressure_plate":2,"minecraft:spider_eye":1,"minecraft:brown_carpet":4,"minecraft:stone_pickaxe":2},"minecraft:crafted":{"minecraft:oak_planks":212,"minecraft:bookshelf":19,"minecraft:iron_boots":1,"minecraft:chest":4,"minecraft:emerald":18,"minecraft:crafting_table":7,"minecraft:spruce_planks":92,"minecraft:gold_block":7,"minecraft:hay_block":51,"minecraft:emerald_block":3,"minecraft:shield":2,"minecraft:stick":20,"minecraft:iron_ingot":18,"minecraft:iron_block":7,"minecraft:gold_ingot":18,"minecraft:shears":1,"minecraft:diamond":9,"minecraft:spruce_boat":1,"minecraft:wheat":459,"minecraft:enchanting_table":1,"minecraft:bucket":1,"minecraft:stone_axe":1,"minecraft:oak_boat":1,"minecraft:iron_shovel":1,"minecraft:white_bed":1,"minecraft:acacia_planks":8,"minecraft:torch":64},"minecraft:mined":{"minecraft:spruce_planks":5,"minecraft:brewing_stand":2,"minecraft:obsidian":8,"minecraft:granite":4,"minecraft:stripped_crimson_hyphae":2,"minecraft:acacia_log":4,"minecraft:grass_block":142,"iceandfire:lectern":2,"minecraft:coal_block":2,"minecraft:stripped_warped_hyphae":1,"minecraft:spawner":26,"minecraft:light_blue_stained_glass":1,"minecraft:tall_seagrass":8,"minecolonies:blockconstructiontape":182,"minecraft:iron_ore":2,"minecraft:fire":8,"minecraft:barrel":1,"dynamictrees:rooty_grass_block":1,"valhelsia_structures:andesite":1,"minecraft:anvil":4,"minecraft:stripped_dark_oak_wood":3,"minecraft:twisting_vines":2,"iceandfire:gold_pile":3,"minecraft:iron_bars":7,"minecraft:iron_block":3,"minecraft:spruce_slab":6,"minecraft:brown_mushroom":1,"minecraft:red_bed":1,"minecraft:torch":7,"minecraft:dark_oak_wood":1,"minecraft:blast_furnace":2,"minecraft:melon":1,"minecraft:dead_bush":1,"minecraft:cobblestone":8,"minecraft:cyan_bed":2,"minecraft:oak_planks":1,"minecraft:iron_door":1,"minecraft:wall_torch":1,"minecraft:seagrass":7,"minecraft:cyan_wool":2,"minecraft:blue_terracotta":21,"minecraft:dark_oak_slab":4,"minecraft:nether_wart_block":1,"minecraft:brown_wall_banner":1,"structurize:white_floating_carpet":21,"minecraft:grass":41,"minecraft:oak_log":30,"minecraft:acacia_fence":69,"minecraft:sand":6,"minecraft:dirt":139,"minecraft:netherrack":20,"minecraft:piston":3,"minecraft:emerald_block":4,"minecraft:diamond_ore":5,"minecraft:red_carpet":2,"iceandfire:silver_ore":1,"minecraft:mossy_cobblestone":1,"minecraft:nether_bricks":11,"minecraft:dark_oak_fence":1,"minecraft:spruce_leaves":11,"minecraft:kelp":1,"minecraft:large_fern":6,"minecraft:hay_block":51,"dynamictrees:oak_leaves":3,"minecraft:furnace":3,"minecraft:acacia_trapdoor":12,"minecolonies:blockminecoloniesrack":1,"minecraft:acacia_stairs":15,"minecraft:andesite":4,"minecraft:gold_block":7,"minecraft:mossy_stone_brick_stairs":2,"minecraft:bookshelf":52,"minecraft:cobblestone_slab":3,"minecraft:vine":1,"minecraft:potted_spruce_sapling":1,"minecraft:brain_coral_wall_fan":1,"minecraft:stripped_oak_log":16,"minecraft:stone":46,"iceandfire:podium_spruce":1,"minecraft:white_wool":30,"minecraft:green_wool":10,"minecraft:smithing_table":2,"minecraft:podzol":1,"minecraft:scaffolding":12,"minecraft:glass_pane":1,"minecraft:soul_sand":1,"minecraft:brown_carpet":14,"minecraft:dandelion":9,"minecraft:polished_granite":1,"minecraft:crafting_table":3,"minecraft:emerald_ore":3,"minecraft:oak_wood":14,"minecraft:rose_bush":2,"minecraft:lectern":1,"minecraft:tall_grass":12,"minecraft:lily_pad":2,"minecraft:diorite":1,"farmersdelight:wild_beetroots":8,"minecraft:purple_wool":6,"minecraft:sweet_berry_bush":23,"valhelsia_structures:metal_framed_glass_pane":3,"minecraft:white_carpet":4,"minecraft:spruce_log":6,"minecraft:coal_ore":11,"minecraft:cobweb":15,"minecraft:cracked_stone_bricks":4,"minecraft:acacia_planks":4,"minecraft:polished_andesite":1,"minecraft:mossy_stone_bricks":4,"minecraft:chipped_anvil":2,"minecraft:fern":3,"paraglider:goddess_statue":2},"minecraft:broken":{"minecraft:iron_shovel":1,"minecraft:iron_boots":1,"minecraft:shield":1},"minecraft:picked_up":{"minecraft:iron_chestplate":2,"minecraft:anvil":4,"minecraft:nether_brick_fence":1,"minecraft:flower_pot":1,"minecraft:magenta_carpet":3,"minecraft:smithing_table":2,"minecraft:brain_coral_block":1,"minecraft:brewing_stand":3,"paraglider:goddess_statue":1,"minecraft:string":69,"minecraft:iron_leggings":2,"minecraft:beetroot":3,"minecraft:spruce_planks":50,"minecraft:rose_bush":2,"minecraft:cobblestone_slab":2,"dynamictrees:oak_seed":2,"minecraft:coal_block":2,"minecraft:furnace":3,"minecraft:tipped_arrow":6,"minecraft:stick":42,"minecraft:acacia_fence":53,"minecraft:torch":19,"minecraft:acacia_log":4,"minecraft:brown_carpet":6,"minecraft:rotten_flesh":36,"minecraft:iron_block":3,"minecraft:green_wool":9,"minecraft:obsidian":8,"minecraft:iron_bars":5,"minecraft:cobblestone":47,"minecraft:leather_chestplate":3,"farmersdelight:rice":10,"minecraft:andesite":5,"paraglider:spirit_orb":34,"minecraft:dirt":310,"minecolonies:blockminecoloniesrack":1,"minecraft:twisting_vines":3,"minecraft:leather_boots":3,"minecraft:bone":15,"minecraft:acacia_planks":4,"minecraft:bow":2,"minecraft:wheat_seeds":7,"minecraft:mossy_stone_bricks":2,"minecraft:oak_planks":3,"iceandfire:podium_spruce":2,"minecraft:sand":4,"iceandfire:stymphalian_bird_feather":1,"minecraft:acacia_stairs":15,"minecraft:cyan_bed":2,"minecraft:diamond_block":1,"alexsmobs:animal_dictionary":1,"minecraft:blue_terracotta":18,"minecraft:diamond":7,"minecraft:spruce_boat":1,"iceandfire:lectern":2,"minecraft:soul_lantern":1,"minecraft:crossbow":4,"minecraft:granite":1,"minecraft:emerald":2,"minecraft:bread":35,"minecraft:netherrack":4,"minecraft:light_gray_carpet":1,"minecraft:dark_oak_fence":1,"minecraft:diamond_pickaxe":1,"minecraft:crafting_table":1,"minecraft:purple_wool":3,"iceandfire:witherbone":5,"minecraft:stripped_warped_hyphae":1,"minecraft:ladder":12,"minecraft:leather_leggings":4,"minecraft:gold_block":7,"minecraft:shield":2,"minecraft:red_bed":1,"minecraft:wooden_sword":2,"minecraft:iron_axe":1,"minecraft:white_carpet":17,"minecraft:item_frame":1,"spartanweaponry:battleaxe_iron":1,"iceandfire:bestiary":2,"minecraft:cyan_wool":2,"minecraft:spruce_slab":5,"minecraft:lectern":2,"minecraft:piston":2,"minecraft:stripped_crimson_hyphae":2,"minecraft:trident":1,"minecraft:carrot":1,"minecraft:stone_pressure_plate":2,"minecraft:arrow":23,"minecraft:beetroot_seeds":7,"minecraft:nether_bricks":13,"minecraft:hay_block":51,"minecraft:saddle":2,"minecraft:tube_coral_block":1,"minecraft:gold_ingot":1,"minecraft:mutton":8,"minecraft:white_wool":37,"minecraft:stripped_oak_log":14,"minecraft:oak_log":26,"minecraft:chainmail_chestplate":2,"minecraft:lily_pad":1,"minecraft:nether_wart_block":1,"minecraft:red_carpet":10,"minecraft:apple":4,"minecraft:kelp":1,"minecraft:acacia_trapdoor":8,"minecraft:iron_ingot":25,"minecraft:stone_pickaxe":2,"minecraft:iron_ore":2,"minecraft:glass_bottle":7,"minecraft:book":155,"minecraft:scaffolding":32,"dungeonsmod:kraken_tentacle":1,"minecraft:emerald_block":5,"minecraft:sweet_berries":53,"minecraft:dandelion":3,"spartanweaponry:pike_iron":1,"minecraft:spruce_sapling":5,"minecraft:blast_furnace":2,"minecraft:spruce_log":6,"minecraft:spider_eye":2,"minecraft:oak_wood":13,"minecraft:stone_axe":1,"minecraft:iron_helmet":1,"minecraft:diamond_axe":1,"minecraft:baked_potato":1,"minecraft:brown_banner":1,"structurize:white_floating_carpet":14,"minecraft:coal":24,"minecraft:ender_pearl":1}},"DataVersion":2586}