{"stats":{"minecraft:crafted":{"minecraft:oak_planks":40,"minecraft:crafting_table":3,"minecraft:spruce_planks":52,"minecraft:stone_axe":1,"minecraft:shield":1,"minecraft:stick":16,"minecraft:white_bed":1,"minecraft:torch":64},"minecraft:picked_up":{"minecraft:iron_chestplate":2,"minecraft:crafting_table":1,"minecraft:nether_brick_fence":1,"iceandfire:witherbone":5,"minecraft:purple_wool":3,"minecraft:flower_pot":1,"minecraft:anvil":4,"minecraft:leather_leggings":3,"minecraft:smithing_table":2,"minecraft:brewing_stand":2,"minecraft:shield":2,"minecraft:string":13,"minecraft:wooden_sword":1,"minecraft:iron_leggings":2,"spartanweaponry:battleaxe_iron":1,"minecraft:spruce_planks":4,"dynamictrees:oak_seed":2,"minecraft:coal_block":1,"minecraft:piston":2,"minecraft:furnace":3,"minecraft:tipped_arrow":6,"minecraft:stick":32,"minecraft:torch":4,"minecraft:carrot":1,"minecraft:stone_pressure_plate":2,"minecraft:brown_carpet":6,"minecraft:arrow":23,"minecraft:rotten_flesh":7,"minecraft:nether_bricks":13,"minecraft:mutton":8,"minecraft:iron_bars":5,"minecraft:white_wool":7,"minecraft:cobblestone":14,"minecraft:leather_chestplate":2,"farmersdelight:rice":10,"minecraft:andesite":1,"paraglider:spirit_orb":4,"minecraft:chainmail_chestplate":2,"minecraft:nether_wart_block":1,"minecraft:dirt":40,"minecraft:leather_boots":1,"minecraft:bone":1,"minecraft:wheat_seeds":3,"minecraft:iron_ingot":12,"minecraft:stone_pickaxe":2,"minecraft:iron_ore":2,"minecraft:mossy_stone_bricks":2,"minecraft:glass_bottle":2,"minecraft:oak_planks":3,"minecraft:book":36,"minecraft:scaffolding":12,"minecraft:sweet_berries":31,"spartanweaponry:pike_iron":1,"minecraft:spruce_sapling":5,"minecraft:blast_furnace":2,"minecraft:spruce_log":6,"minecraft:cyan_bed":2,"minecraft:spider_eye":1,"alexsmobs:animal_dictionary":1,"minecraft:oak_wood":10,"minecraft:blue_terracotta":18,"minecraft:diamond":2,"minecraft:stone_axe":1,"minecraft:iron_helmet":1,"minecraft:diamond_axe":1,"minecraft:crossbow":4,"minecraft:bread":35,"minecraft:baked_potato":1,"minecraft:brown_banner":1,"minecraft:netherrack":4,"minecraft:dark_oak_fence":1,"minecraft:coal":24,"minecraft:diamond_pickaxe":1},"minecraft:dropped":{"minecraft:iron_sword":1,"alexsmobs:shark_tooth_arrow":1,"minecraft:wheat_seeds":1,"minecraft:baked_potato":1,"minecraft:glass_bottle":7,"minecolonies:supplycampdeployer":1,"minecraft:cobblestone":2,"minecraft:crossbow":3,"minecraft:book":36,"minecraft:brown_banner":1,"minecraft:coal":30,"minecraft:leather_helmet":1,"minecraft:coal_block":1,"farmersdelight:rice":10,"paraglider:spirit_orb":1,"minecraft:stick":7,"minecraft:dirt":19,"minecraft:torch":64,"minecraft:nether_wart_block":1,"spartanweaponry:tomahawk_iron":1,"minecraft:potion":3,"minecraft:iron_leggings":2,"minecraft:wooden_sword":1,"minecraft:string":12,"minecraft:bone":1,"minecraft:stone_axe":2,"dynamictrees:oak_seed":1,"spartanweaponry:scythe_iron":1,"alexsmobs:animal_dictionary":2,"minecraft:rotten_flesh":2,"minecraft:oak_planks":2,"minecraft:iron_boots":1,"minecraft:nether_brick_fence":1,"minecraft:nether_bricks":12,"minecraft:chainmail_chestplate":3,"minecraft:filled_map":1,"magistuarmory:chainmail_horse_armor":1,"minecraft:leather_chestplate":2,"minecraft:tipped_arrow":5,"minecraft:shield":2,"minecraft:iron_chestplate":2,"minecraft:leather_boots":1,"minecraft:leather_leggings":2,"minecraft:stone_pressure_plate":2,"minecraft:spider_eye":1,"spartanweaponry:pike_iron":2,"minecraft:brown_carpet":4,"minecraft:stone_pickaxe":2,"minecraft:netherrack":3},"minecraft:killed":{"minecraft:cave_spider":7,"alexsmobs:raccoon":1,"minecraft:spider":3,"minecraft:skeleton":11,"majruszs_difficulty:creeperling":1,"recruits:recruit":1,"minecraft:creeper":1,"minecraft:sheep":5,"minecraft:pillager":6,"minecraft:zombie":11,"minecraft:stray":6,"minecraft:wither_skeleton":10},"minecraft:custom":{"minecraft:mob_kills":71,"minecraft:interact_with_crafting_table":9,"minecraft:open_barrel":9,"minecraft:eat_cake_slice":8,"minecraft:leave_game":2,"minecraft:time_since_death":117946,"minecraft:climb_one_cm":14606,"minecraft:sprint_one_cm":441647,"minecraft:walk_one_cm":265697,"minecraft:damage_blocked_by_shield":2955,"minecraft:drop":84,"minecraft:talked_to_villager":1,"minecraft:deaths":1,"minecraft:sneak_time":6812,"minecraft:walk_under_water_one_cm":6178,"minecraft:jump":1357,"minecraft:interact_with_brewingstand":1,"minecraft:walk_on_water_one_cm":34854,"minecraft:interact_with_furnace":1,"minecraft:play_one_minute":129179,"minecraft:sleep_in_bed":4,"minecraft:time_since_rest":79077,"minecraft:damage_taken":3011,"minecraft:damage_dealt":12528,"minecraft:swim_one_cm":44625,"minecraft:fly_one_cm":232890,"minecraft:open_chest":89,"minecraft:crouch_one_cm":14256,"minecraft:fall_one_cm":33707},"minecraft:used":{"minecraft:blue_terracotta":13,"minecraft:iron_bars":2,"minecraft:flint_and_steel":5,"spartanweaponry:greatsword_iron":27,"minecraft:spruce_planks":4,"minecraft:shield":53,"minecraft:iron_sword":255,"spartanweaponry:battleaxe_iron":4,"minecraft:netherrack":1,"minecraft:torch":1,"minecraft:dirt":20,"minecraft:anvil":1,"minecraft:nether_bricks":1,"minecraft:brown_carpet":2,"minecraft:sweet_berries":32,"minecraft:mossy_stone_bricks":2,"minecraft:stone_pickaxe":97,"minecraft:oak_planks":12,"minecraft:wooden_pickaxe":6,"spartanweaponry:tomahawk_iron":5,"minecraft:tnt":1,"minecraft:crafting_table":3,"minecraft:crossbow":2,"minecraft:white_bed":1,"minecraft:flower_pot":1,"minecraft:diamond_pickaxe":21,"minecraft:bread":49,"minecraft:cyan_bed":2,"minecraft:string":1,"minecraft:stone_axe":51,"minecraft:potion":5,"minecraft:andesite":1,"alexsmobs:animal_dictionary":2,"minecraft:experience_bottle":1},"minecraft:mined":{"minecraft:red_carpet":1,"minecraft:spruce_planks":5,"iceandfire:silver_ore":1,"minecraft:brewing_stand":2,"minecraft:nether_bricks":10,"minecraft:granite":3,"minecraft:dark_oak_fence":1,"minecraft:grass_block":3,"minecraft:coal_block":1,"minecraft:spruce_leaves":11,"minecraft:spawner":13,"minecraft:large_fern":6,"minecraft:tall_seagrass":1,"minecraft:furnace":3,"minecraft:iron_ore":2,"minecraft:fire":2,"valhelsia_structures:andesite":1,"minecraft:anvil":4,"minecraft:mossy_stone_brick_stairs":2,"minecraft:bookshelf":12,"minecraft:vine":1,"minecraft:iron_bars":7,"minecraft:potted_spruce_sapling":1,"minecraft:stone":8,"minecraft:spruce_slab":1,"minecraft:smithing_table":2,"minecraft:scaffolding":3,"minecraft:glass_pane":1,"minecraft:soul_sand":1,"minecraft:brown_carpet":6,"minecraft:crafting_table":1,"minecraft:torch":1,"minecraft:blast_furnace":2,"minecraft:oak_wood":11,"minecraft:dead_bush":1,"minecraft:cobblestone":6,"minecraft:tall_grass":2,"minecraft:cyan_bed":2,"minecraft:oak_planks":1,"minecraft:iron_door":1,"minecraft:wall_torch":1,"minecraft:seagrass":1,"minecraft:purple_wool":6,"minecraft:blue_terracotta":21,"minecraft:dark_oak_slab":2,"minecraft:nether_wart_block":1,"minecraft:sweet_berry_bush":15,"valhelsia_structures:metal_framed_glass_pane":3,"minecraft:spruce_log":6,"minecraft:brown_wall_banner":1,"minecraft:grass":6,"minecraft:coal_ore":11,"minecraft:dirt":8,"minecraft:cobweb":15,"minecraft:cracked_stone_bricks":3,"minecraft:netherrack":4,"minecraft:piston":3,"minecraft:mossy_stone_bricks":4,"minecraft:chipped_anvil":2,"minecraft:fern":2},"minecraft:killed_by":{"minecraft:wolf":1}},"DataVersion":2586}