{"stats":{"minecraft:crafted":{"minecraft:oak_planks":40,"minecraft:crafting_table":3,"minecraft:spruce_planks":52,"minecraft:stone_axe":1,"minecraft:shield":1,"minecraft:stick":16,"minecraft:white_bed":1,"minecraft:torch":64},"minecraft:picked_up":{"minecraft:iron_chestplate":1,"minecraft:crafting_table":1,"iceandfire:witherbone":1,"minecraft:purple_wool":3,"minecraft:flower_pot":1,"minecraft:anvil":4,"minecraft:leather_leggings":3,"minecraft:smithing_table":2,"minecraft:brewing_stand":2,"minecraft:string":8,"minecraft:wooden_sword":1,"spartanweaponry:battleaxe_iron":1,"minecraft:spruce_planks":4,"dynamictrees:oak_seed":2,"minecraft:piston":2,"minecraft:furnace":3,"minecraft:tipped_arrow":2,"minecraft:stick":9,"minecraft:torch":4,"minecraft:stone_pressure_plate":2,"minecraft:brown_carpet":6,"minecraft:arrow":15,"minecraft:rotten_flesh":4,"minecraft:mutton":8,"minecraft:iron_bars":3,"minecraft:white_wool":7,"minecraft:cobblestone":12,"minecraft:leather_chestplate":2,"farmersdelight:rice":10,"minecraft:andesite":1,"paraglider:spirit_orb":2,"minecraft:chainmail_chestplate":1,"minecraft:dirt":40,"minecraft:leather_boots":1,"minecraft:wheat_seeds":3,"minecraft:iron_ingot":12,"minecraft:stone_pickaxe":1,"minecraft:iron_ore":2,"minecraft:mossy_stone_bricks":2,"minecraft:glass_bottle":1,"minecraft:oak_planks":3,"minecraft:book":36,"minecraft:scaffolding":12,"minecraft:sweet_berries":31,"spartanweaponry:pike_iron":1,"minecraft:spruce_sapling":5,"minecraft:blast_furnace":2,"minecraft:spruce_log":6,"minecraft:cyan_bed":2,"minecraft:spider_eye":1,"alexsmobs:animal_dictionary":1,"minecraft:oak_wood":10,"minecraft:blue_terracotta":18,"minecraft:diamond":2,"minecraft:stone_axe":1,"minecraft:diamond_axe":1,"minecraft:crossbow":1,"minecraft:bread":35,"minecraft:baked_potato":1,"minecraft:brown_banner":1,"minecraft:netherrack":1,"minecraft:dark_oak_fence":1,"minecraft:coal":22},"minecraft:dropped":{"minecraft:iron_sword":1,"alexsmobs:shark_tooth_arrow":1,"minecraft:wheat_seeds":1,"minecraft:baked_potato":1,"minecraft:glass_bottle":4,"minecolonies:supplycampdeployer":1,"minecraft:crossbow":1,"minecraft:brown_banner":1,"minecraft:leather_helmet":1,"farmersdelight:rice":10,"paraglider:spirit_orb":1,"minecraft:stick":7,"minecraft:dirt":19,"minecraft:torch":64,"spartanweaponry:tomahawk_iron":1,"minecraft:wooden_sword":1,"minecraft:string":8,"minecraft:stone_axe":2,"dynamictrees:oak_seed":1,"spartanweaponry:scythe_iron":1,"alexsmobs:animal_dictionary":2,"minecraft:rotten_flesh":2,"minecraft:oak_planks":2,"minecraft:chainmail_chestplate":1,"minecraft:filled_map":1,"magistuarmory:chainmail_horse_armor":1,"minecraft:leather_chestplate":2,"minecraft:shield":1,"minecraft:iron_chestplate":1,"minecraft:leather_boots":1,"minecraft:leather_leggings":2,"minecraft:stone_pressure_plate":2,"minecraft:spider_eye":1,"spartanweaponry:pike_iron":2,"minecraft:brown_carpet":4},"minecraft:killed":{"minecraft:cave_spider":6,"alexsmobs:raccoon":1,"minecraft:spider":3,"minecraft:skeleton":5,"majruszs_difficulty:creeperling":1,"recruits:recruit":1,"minecraft:creeper":1,"minecraft:sheep":5,"minecraft:pillager":6,"minecraft:zombie":6,"minecraft:stray":5,"minecraft:wither_skeleton":3},"minecraft:custom":{"minecraft:mob_kills":48,"minecraft:interact_with_crafting_table":9,"minecraft:open_barrel":9,"minecraft:eat_cake_slice":8,"minecraft:leave_game":2,"minecraft:time_since_death":99946,"minecraft:climb_one_cm":12018,"minecraft:sprint_one_cm":341093,"minecraft:walk_one_cm":213415,"minecraft:damage_blocked_by_shield":2545,"minecraft:drop":45,"minecraft:talked_to_villager":1,"minecraft:deaths":1,"minecraft:sneak_time":6280,"minecraft:walk_under_water_one_cm":6178,"minecraft:jump":1238,"minecraft:interact_with_brewingstand":1,"minecraft:walk_on_water_one_cm":28204,"minecraft:interact_with_furnace":1,"minecraft:play_one_minute":111179,"minecraft:sleep_in_bed":4,"minecraft:time_since_rest":61077,"minecraft:damage_taken":2285,"minecraft:damage_dealt":9169,"minecraft:swim_one_cm":44625,"minecraft:fly_one_cm":219986,"minecraft:open_chest":70,"minecraft:crouch_one_cm":12549,"minecraft:fall_one_cm":31776},"minecraft:used":{"minecraft:blue_terracotta":13,"minecraft:flint_and_steel":1,"spartanweaponry:greatsword_iron":27,"minecraft:spruce_planks":4,"minecraft:shield":47,"minecraft:iron_sword":157,"spartanweaponry:battleaxe_iron":4,"minecraft:netherrack":1,"minecraft:torch":1,"minecraft:dirt":20,"minecraft:anvil":1,"minecraft:brown_carpet":2,"minecraft:sweet_berries":32,"minecraft:mossy_stone_bricks":2,"minecraft:stone_pickaxe":93,"minecraft:oak_planks":7,"minecraft:wooden_pickaxe":6,"spartanweaponry:tomahawk_iron":5,"minecraft:tnt":1,"minecraft:crafting_table":3,"minecraft:crossbow":1,"minecraft:white_bed":1,"minecraft:flower_pot":1,"minecraft:bread":34,"minecraft:cyan_bed":2,"minecraft:stone_axe":51,"minecraft:potion":3,"minecraft:andesite":1,"alexsmobs:animal_dictionary":2,"minecraft:experience_bottle":1},"minecraft:mined":{"minecraft:red_carpet":1,"minecraft:spruce_planks":5,"minecraft:brewing_stand":2,"minecraft:granite":3,"minecraft:dark_oak_fence":1,"minecraft:grass_block":3,"minecraft:spruce_leaves":11,"minecraft:spawner":9,"minecraft:large_fern":6,"minecraft:tall_seagrass":1,"minecraft:furnace":3,"minecraft:iron_ore":2,"valhelsia_structures:andesite":1,"minecraft:anvil":4,"minecraft:mossy_stone_brick_stairs":2,"minecraft:bookshelf":12,"minecraft:iron_bars":6,"minecraft:potted_spruce_sapling":1,"minecraft:stone":6,"minecraft:spruce_slab":1,"minecraft:smithing_table":2,"minecraft:scaffolding":3,"minecraft:glass_pane":1,"minecraft:brown_carpet":6,"minecraft:crafting_table":1,"minecraft:blast_furnace":2,"minecraft:oak_wood":11,"minecraft:dead_bush":1,"minecraft:cobblestone":6,"minecraft:tall_grass":2,"minecraft:cyan_bed":2,"minecraft:oak_planks":1,"minecraft:iron_door":1,"minecraft:wall_torch":1,"minecraft:seagrass":1,"minecraft:purple_wool":6,"minecraft:blue_terracotta":21,"minecraft:dark_oak_slab":2,"minecraft:sweet_berry_bush":15,"valhelsia_structures:metal_framed_glass_pane":3,"minecraft:spruce_log":6,"minecraft:brown_wall_banner":1,"minecraft:grass":6,"minecraft:coal_ore":11,"minecraft:dirt":8,"minecraft:cracked_stone_bricks":3,"minecraft:netherrack":1,"minecraft:piston":3,"minecraft:mossy_stone_bricks":4,"minecraft:chipped_anvil":2,"minecraft:fern":2},"minecraft:killed_by":{"minecraft:wolf":1}},"DataVersion":2586}