{"stats":{"minecraft:picked_up":{"minecraft:stick":1,"minecraft:sweet_berries":18,"minecraft:wheat_seeds":1,"minecraft:spruce_sapling":1,"minecraft:spruce_log":6},"minecraft:killed":{"minecraft:zombie":1},"minecraft:custom":{"minecraft:time_since_rest":0,"minecraft:crouch_one_cm":1165,"minecraft:play_one_minute":15179,"minecraft:sprint_one_cm":39200,"minecraft:deaths":1,"minecraft:damage_taken":430,"minecraft:walk_one_cm":29876,"minecraft:sneak_time":724,"minecraft:walk_under_water_one_cm":283,"minecraft:mob_kills":1,"minecraft:jump":176,"minecraft:damage_dealt":327,"minecraft:leave_game":2,"minecraft:walk_on_water_one_cm":518,"minecraft:time_since_death":3946,"minecraft:sleep_in_bed":1,"minecraft:swim_one_cm":767,"minecraft:fall_one_cm":3775,"minecraft:fly_one_cm":22216},"minecraft:used":{"minecraft:sweet_berries":10,"alexsmobs:animal_dictionary":1},"minecraft:mined":{"minecraft:large_fern":2,"minecraft:grass":3,"minecraft:sweet_berry_bush":8,"minecraft:spruce_log":6,"minecraft:spruce_leaves":11,"minecraft:fern":1},"minecraft:killed_by":{"minecraft:wolf":1}},"DataVersion":2586}