{"stats":{"minecraft:crafted":{"minecraft:crafting_table":1,"minecraft:spruce_planks":4,"minecraft:stone_axe":1},"minecraft:picked_up":{"minecraft:scaffolding":12,"minecraft:stick":2,"farmersdelight:rice":10,"minecraft:flower_pot":1,"minecraft:sweet_berries":26,"spartanweaponry:pike_iron":1,"minecraft:spruce_sapling":5,"minecraft:spruce_log":6,"minecraft:dirt":1,"alexsmobs:animal_dictionary":1,"minecraft:brown_carpet":4,"minecraft:oak_wood":10,"minecraft:wheat_seeds":3,"minecraft:spruce_planks":3,"minecraft:stone_pickaxe":1,"minecraft:bread":12,"minecraft:mutton":8,"minecraft:oak_planks":3,"minecraft:piston":2,"minecraft:white_wool":5,"minecraft:cobblestone":6,"minecraft:furnace":1},"minecraft:dropped":{"minecraft:filled_map":1,"minecraft:iron_sword":1,"alexsmobs:shark_tooth_arrow":1,"minecraft:wheat_seeds":1,"alexsmobs:animal_dictionary":2,"spartanweaponry:tomahawk_iron":1,"minecraft:oak_planks":2,"spartanweaponry:pike_iron":2,"farmersdelight:rice":10},"minecraft:killed":{"minecraft:sheep":5,"minecraft:zombie":2},"minecraft:custom":{"minecraft:time_since_rest":11873,"minecraft:interact_with_furnace":1,"minecraft:sprint_one_cm":81699,"minecraft:damage_taken":480,"minecraft:walk_one_cm":47186,"minecraft:mob_kills":7,"minecraft:drop":12,"minecraft:damage_dealt":1008,"minecraft:swim_one_cm":767,"minecraft:interact_with_crafting_table":7,"minecraft:fly_one_cm":56136,"minecraft:open_barrel":1,"minecraft:open_chest":12,"minecraft:play_one_minute":27179,"minecraft:crouch_one_cm":3444,"minecraft:deaths":1,"minecraft:sneak_time":1617,"minecraft:walk_under_water_one_cm":283,"minecraft:jump":353,"minecraft:interact_with_brewingstand":1,"minecraft:time_since_death":15946,"minecraft:walk_on_water_one_cm":518,"minecraft:leave_game":2,"minecraft:sleep_in_bed":1,"minecraft:climb_one_cm":5459,"minecraft:fall_one_cm":9684},"minecraft:used":{"minecraft:flower_pot":1,"minecraft:bread":2,"minecraft:stone_pickaxe":4,"minecraft:wooden_pickaxe":6,"minecraft:iron_sword":14,"spartanweaponry:tomahawk_iron":1,"minecraft:stone_axe":21,"minecraft:sweet_berries":15,"minecraft:crafting_table":1,"alexsmobs:animal_dictionary":1},"minecraft:mined":{"minecraft:large_fern":4,"minecraft:scaffolding":3,"minecraft:spruce_planks":3,"minecraft:glass_pane":1,"minecraft:furnace":1,"minecraft:sweet_berry_bush":12,"minecraft:brown_carpet":4,"minecraft:spruce_log":6,"minecraft:grass_block":1,"minecraft:grass":4,"minecraft:oak_wood":11,"minecraft:dead_bush":1,"minecraft:potted_spruce_sapling":1,"minecraft:cobblestone":6,"minecraft:spruce_leaves":11,"minecraft:oak_planks":1,"minecraft:piston":3,"minecraft:fern":1},"minecraft:killed_by":{"minecraft:wolf":1}},"DataVersion":2586}