{"stats":{"minecraft:crafted":{"minecraft:oak_planks":40,"minecraft:crafting_table":2,"minecraft:spruce_planks":12,"minecraft:stone_axe":1,"minecraft:white_bed":1},"minecraft:picked_up":{"minecraft:leather_chestplate":2,"farmersdelight:rice":10,"minecraft:flower_pot":1,"minecraft:leather_leggings":2,"minecraft:smithing_table":2,"minecraft:brewing_stand":1,"minecraft:dirt":1,"minecraft:wooden_sword":1,"minecraft:leather_boots":1,"spartanweaponry:battleaxe_iron":1,"minecraft:wheat_seeds":3,"minecraft:spruce_planks":3,"minecraft:stone_pickaxe":1,"dynamictrees:oak_seed":1,"minecraft:oak_planks":3,"minecraft:piston":2,"minecraft:book":24,"minecraft:furnace":3,"minecraft:scaffolding":12,"minecraft:stick":9,"minecraft:sweet_berries":26,"spartanweaponry:pike_iron":1,"minecraft:spruce_sapling":5,"minecraft:blast_furnace":1,"minecraft:spruce_log":6,"minecraft:cyan_bed":1,"alexsmobs:animal_dictionary":1,"minecraft:stone_pressure_plate":2,"minecraft:brown_carpet":4,"minecraft:oak_wood":10,"minecraft:diamond":2,"minecraft:stone_axe":1,"minecraft:bread":13,"minecraft:mutton":8,"minecraft:coal":11,"minecraft:white_wool":7,"minecraft:cobblestone":6},"minecraft:dropped":{"minecraft:iron_sword":1,"minecraft:stone_axe":1,"alexsmobs:shark_tooth_arrow":1,"minecraft:wheat_seeds":1,"spartanweaponry:scythe_iron":1,"alexsmobs:animal_dictionary":2,"minecraft:oak_planks":2,"farmersdelight:rice":10,"minecraft:filled_map":1,"minecraft:leather_chestplate":2,"spartanweaponry:tomahawk_iron":1,"minecraft:leather_leggings":1,"minecraft:wooden_sword":1,"minecraft:brown_carpet":4,"spartanweaponry:pike_iron":2},"minecraft:killed":{"majruszs_difficulty:creeperling":1,"recruits:recruit":1,"minecraft:sheep":5,"minecraft:zombie":2},"minecraft:custom":{"minecraft:interact_with_furnace":1,"minecraft:mob_kills":9,"minecraft:interact_with_crafting_table":8,"minecraft:open_barrel":5,"minecraft:play_one_minute":39179,"minecraft:leave_game":2,"minecraft:time_since_death":27946,"minecraft:sleep_in_bed":3,"minecraft:climb_one_cm":6521,"minecraft:time_since_rest":5616,"minecraft:sprint_one_cm":127010,"minecraft:walk_one_cm":83481,"minecraft:damage_taken":713,"minecraft:drop":19,"minecraft:damage_dealt":1814,"minecraft:swim_one_cm":767,"minecraft:talked_to_villager":1,"minecraft:fly_one_cm":83078,"minecraft:open_chest":21,"minecraft:crouch_one_cm":5401,"minecraft:deaths":1,"minecraft:sneak_time":2267,"minecraft:walk_under_water_one_cm":283,"minecraft:jump":498,"minecraft:interact_with_brewingstand":1,"minecraft:walk_on_water_one_cm":1003,"minecraft:fall_one_cm":13488},"minecraft:used":{"minecraft:stone_pickaxe":19,"minecraft:wooden_pickaxe":6,"minecraft:iron_sword":24,"spartanweaponry:tomahawk_iron":1,"spartanweaponry:battleaxe_iron":2,"minecraft:crafting_table":2,"minecraft:white_bed":1,"minecraft:flower_pot":1,"minecraft:cyan_bed":1,"minecraft:bread":6,"minecraft:stone_axe":34,"minecraft:sweet_berries":26,"alexsmobs:animal_dictionary":1},"minecraft:mined":{"minecraft:smithing_table":2,"minecraft:spruce_planks":3,"minecraft:scaffolding":3,"minecraft:glass_pane":1,"minecraft:brown_carpet":4,"minecraft:brewing_stand":1,"minecraft:blast_furnace":1,"minecraft:oak_wood":11,"minecraft:grass_block":1,"minecraft:dead_bush":1,"minecraft:tall_grass":1,"minecraft:cobblestone":6,"minecraft:spruce_leaves":11,"minecraft:cyan_bed":1,"minecraft:oak_planks":1,"minecraft:large_fern":4,"minecraft:furnace":3,"minecraft:sweet_berry_bush":12,"minecraft:spruce_log":6,"minecraft:grass":5,"minecraft:bookshelf":8,"minecraft:coal_ore":11,"minecraft:potted_spruce_sapling":1,"minecraft:piston":3,"minecraft:fern":1},"minecraft:killed_by":{"minecraft:wolf":1}},"DataVersion":2586}