{"stats":{"minecraft:used":{"minecraft:stone_shovel":82,"minecraft:bread":10,"minecraft:stone_pickaxe":13,"minecraft:wooden_pickaxe":11,"minecraft:stone_axe":11,"minecraft:dirt":57,"minecraft:brown_carpet":1,"minecraft:sweet_berries":4,"minecraft:crafting_table":1,"alexsmobs:animal_dictionary":1,"minecraft:splash_potion":1},"minecraft:custom":{"minecraft:time_since_rest":26178,"minecraft:interact_with_furnace":1,"minecraft:sprint_one_cm":74340,"minecraft:damage_taken":812,"minecraft:walk_one_cm":102568,"minecraft:mob_kills":2,"minecraft:drop":2,"minecraft:damage_dealt":346,"minecraft:swim_one_cm":949,"minecraft:talked_to_villager":1,"minecraft:interact_with_crafting_table":8,"minecraft:fly_one_cm":72503,"minecraft:open_barrel":4,"minecraft:open_chest":12,"minecraft:crouch_one_cm":1140,"minecraft:play_one_minute":26178,"minecraft:sneak_time":597,"minecraft:walk_under_water_one_cm":401,"minecraft:jump":355,"minecraft:interact_with_brewingstand":1,"minecraft:walk_on_water_one_cm":1249,"minecraft:time_since_death":26178,"minecraft:climb_one_cm":10372,"minecraft:interact_with_smoker":2,"minecraft:fall_one_cm":5774},"minecraft:killed":{"minecraft:zombie_villager":1,"minecraft:silverfish":1},"minecraft:dropped":{"minecolonies:supplycampdeployer":1,"minecraft:golden_apple":1},"minecraft:crafted":{"minecraft:oak_planks":16,"minecraft:stone_shovel":1,"minecraft:crafting_table":1,"minecraft:wooden_pickaxe":1,"minecraft:stone_pickaxe":1,"minecraft:stone_axe":1,"minecraft:bread":15,"minecraft:wheat":45},"minecraft:mined":{"minecraft:hay_block":5,"minecraft:red_carpet":2,"minecraft:spruce_planks":4,"minecraft:sweet_berry_bush":1,"minecraft:brown_carpet":3,"minecraft:infested_mossy_stone_bricks":3,"minecraft:grass":13,"minecraft:grass_block":86,"minecraft:coal_ore":4,"minecraft:iron_bars":2,"minecraft:dirt":6,"minecraft:tall_grass":3,"minecraft:stone":16,"minecraft:infested_stone":1},"minecraft:picked_up":{"minecraft:stick":12,"minecraft:magma_cream":6,"minecraft:sweet_berries":3,"paraglider:spirit_orb":6,"minecraft:oak_log":8,"minecraft:dirt":86,"minecraft:spider_eye":1,"minecraft:string":2,"minecraft:brown_carpet":4,"minecraft:red_carpet":2,"minecraft:rotten_flesh":2,"minecraft:wheat_seeds":4,"minecraft:hay_block":5,"minecraft:spruce_planks":4,"minecraft:golden_apple":1,"minecraft:coal":4,"minecraft:iron_bars":2,"minecraft:cobblestone":14}},"DataVersion":2586}