{"stats":{"minecraft:used":{"minecraft:bread":6,"minecraft:stone_pickaxe":9,"minecraft:wooden_pickaxe":7,"minecraft:brown_carpet":1,"minecraft:sweet_berries":4,"minecraft:crafting_table":1,"alexsmobs:animal_dictionary":1,"minecraft:splash_potion":1},"minecraft:custom":{"minecraft:time_since_rest":14178,"minecraft:sprint_one_cm":32462,"minecraft:damage_taken":782,"minecraft:walk_one_cm":52762,"minecraft:drop":1,"minecraft:damage_dealt":65,"minecraft:interact_with_crafting_table":5,"minecraft:fly_one_cm":22384,"minecraft:open_barrel":4,"minecraft:open_chest":8,"minecraft:crouch_one_cm":480,"minecraft:play_one_minute":14178,"minecraft:sneak_time":453,"minecraft:jump":150,"minecraft:interact_with_brewingstand":1,"minecraft:time_since_death":14178,"minecraft:climb_one_cm":6420,"minecraft:interact_with_smoker":2,"minecraft:fall_one_cm":1881},"minecraft:dropped":{"minecraft:golden_apple":1},"minecraft:crafted":{"minecraft:oak_planks":16,"minecraft:crafting_table":1,"minecraft:wooden_pickaxe":1,"minecraft:stone_pickaxe":1,"minecraft:bread":15,"minecraft:wheat":45},"minecraft:mined":{"minecraft:hay_block":5,"minecraft:spruce_planks":4,"minecraft:sweet_berry_bush":1,"minecraft:brown_carpet":3,"minecraft:grass":3,"minecraft:grass_block":3,"minecraft:iron_bars":2,"minecraft:dirt":4,"minecraft:tall_grass":1,"minecraft:stone":14},"minecraft:picked_up":{"minecraft:stick":12,"minecraft:magma_cream":6,"minecraft:sweet_berries":3,"paraglider:spirit_orb":6,"minecraft:oak_log":8,"minecraft:dirt":7,"minecraft:spider_eye":1,"minecraft:string":1,"minecraft:brown_carpet":4,"minecraft:rotten_flesh":2,"minecraft:wheat_seeds":1,"minecraft:hay_block":5,"minecraft:spruce_planks":4,"minecraft:iron_bars":2,"minecraft:cobblestone":14}},"DataVersion":2586}