{"stats":{"minecraft:killed_by":{"minecraft:player":1},"minecraft:crafted":{"minecraft:oak_planks":16,"minecraft:stone_shovel":7,"minecraft:crafting_table":2,"minecraft:wooden_pickaxe":1,"minecraft:cooked_chicken":7,"minecraft:stone_axe":1,"minecraft:bread":15,"minecraft:air":0,"minecraft:stone_pickaxe":1,"minecraft:torch":32,"minecraft:wheat":45},"minecraft:used":{"minecraft:diorite":7,"minecraft:pink_tulip":1,"minecraft:stone_shovel":82,"minecraft:stone_pickaxe":35,"spartanweaponry:greatsword_iron":3,"minecraft:wooden_pickaxe":11,"dynamictrees:oak_seed":12,"minecraft:cooked_chicken":7,"minecraft:torch":9,"minecraft:golden_apple":1,"minecraft:dirt":84,"minecraft:sand":1,"minecraft:white_carpet":9,"minecraft:crafting_table":2,"minecraft:bread":26,"minecraft:stone_axe":23,"minecraft:cobblestone":14,"minecraft:brown_carpet":1,"minecraft:sweet_berries":4,"minecraft:andesite":2,"alexsmobs:animal_dictionary":3,"minecraft:potato":1,"minecraft:splash_potion":1},"minecraft:picked_up":{"spartanweaponry:greatsword_iron":1,"minecraft:leather_chestplate":1,"minecraft:magma_cream":6,"minecraft:andesite":2,"minecraft:leather_leggings":1,"paraglider:spirit_orb":6,"minecraft:oak_log":97,"minecraft:string":2,"minecraft:dirt":91,"minecraft:leather_boots":1,"minecraft:white_carpet":9,"minecraft:red_carpet":2,"minecraft:wheat_seeds":6,"minecraft:spruce_planks":4,"dynamictrees:oak_seed":12,"minecraft:stick":145,"minecraft:sweet_berries":3,"minecraft:torch":3,"minecraft:bowl":1,"minecraft:sand":1,"minecraft:diorite":7,"minecraft:spider_eye":1,"minecraft:leather_helmet":1,"minecraft:brown_carpet":4,"minecraft:rotten_flesh":2,"minecraft:hay_block":5,"minecraft:golden_apple":1,"minecraft:bread":19,"minecraft:coal":4,"minecraft:iron_bars":2,"minecraft:cobblestone":27},"minecraft:killed":{"minecraft:zombie_villager":1,"minecraft:silverfish":1},"minecraft:mined":{"minecraft:red_carpet":2,"minecraft:spruce_planks":4,"minecraft:kelp_plant":2,"minecraft:brown_carpet":3,"minecraft:grass_block":87,"minecraft:white_stained_glass_pane":1,"minecraft:tall_grass":6,"minecraft:diorite":7,"minecraft:wall_torch":2,"minecraft:hay_block":5,"minecolonies:blockconstructiontape":1,"minecraft:sweet_berry_bush":1,"minecraft:white_carpet":1,"minecraft:andesite":2,"minecraft:yellow_stained_glass_pane":2,"minecraft:infested_mossy_stone_bricks":3,"minecraft:grass":29,"minecraft:coal_ore":4,"minecraft:iron_bars":2,"minecraft:sand":1,"minecraft:dirt":9,"dynamictrees:oak_sapling":1,"minecraft:stone":29,"minecraft:infested_stone":1},"minecraft:custom":{"minecraft:interact_with_furnace":1,"minecraft:mob_kills":2,"minecraft:interact_with_crafting_table":10,"minecraft:open_barrel":5,"minecraft:interact_with_loom":1,"minecraft:play_one_minute":142192,"minecraft:leave_game":1,"minecraft:time_since_death":5445,"minecraft:sleep_in_bed":1,"minecraft:climb_one_cm":14728,"minecraft:time_since_rest":5476,"minecraft:sprint_one_cm":201037,"minecraft:damage_absorbed":12,"minecraft:damage_taken":2868,"minecraft:walk_one_cm":267759,"minecraft:drop":12,"minecraft:damage_dealt":426,"minecraft:swim_one_cm":29909,"minecraft:talked_to_villager":1,"minecraft:fly_one_cm":215915,"minecraft:open_chest":22,"minecraft:crouch_one_cm":3722,"minecraft:deaths":1,"minecraft:sneak_time":1537,"minecraft:walk_under_water_one_cm":18204,"minecraft:interact_with_lectern":2,"minecraft:jump":1161,"minecraft:interact_with_brewingstand":1,"minecraft:walk_on_water_one_cm":7922,"minecraft:interact_with_smoker":5,"minecraft:fall_one_cm":26456},"minecraft:dropped":{"minecraft:bread":8,"minecolonies:supplycampdeployer":1,"minecraft:stone_shovel":2,"minecraft:golden_apple":1}},"DataVersion":2586}