{"stats":{"minecraft:used":{"minecraft:stone_shovel":82,"minecraft:bread":23,"minecraft:stone_pickaxe":13,"minecraft:wooden_pickaxe":11,"dynamictrees:oak_seed":12,"minecraft:stone_axe":23,"minecraft:dirt":57,"minecraft:brown_carpet":1,"minecraft:white_carpet":7,"minecraft:sweet_berries":4,"minecraft:crafting_table":1,"alexsmobs:animal_dictionary":2,"minecraft:splash_potion":1},"minecraft:custom":{"minecraft:time_since_rest":44178,"minecraft:interact_with_furnace":1,"minecraft:sprint_one_cm":133474,"minecraft:damage_taken":1797,"minecraft:walk_one_cm":174337,"minecraft:mob_kills":2,"minecraft:drop":5,"minecraft:damage_dealt":353,"minecraft:swim_one_cm":949,"minecraft:talked_to_villager":1,"minecraft:interact_with_crafting_table":8,"minecraft:fly_one_cm":112136,"minecraft:open_barrel":4,"minecraft:open_chest":14,"minecraft:crouch_one_cm":1384,"minecraft:play_one_minute":44178,"minecraft:sneak_time":721,"minecraft:walk_under_water_one_cm":401,"minecraft:jump":583,"minecraft:interact_with_brewingstand":1,"minecraft:walk_on_water_one_cm":1249,"minecraft:time_since_death":44178,"minecraft:climb_one_cm":10801,"minecraft:interact_with_smoker":2,"minecraft:fall_one_cm":12249},"minecraft:killed":{"minecraft:zombie_villager":1,"minecraft:silverfish":1},"minecraft:dropped":{"minecraft:bread":3,"minecolonies:supplycampdeployer":1,"minecraft:golden_apple":1},"minecraft:crafted":{"minecraft:oak_planks":16,"minecraft:stone_shovel":1,"minecraft:crafting_table":1,"minecraft:wooden_pickaxe":1,"minecraft:stone_pickaxe":1,"minecraft:stone_axe":1,"minecraft:bread":15,"minecraft:wheat":45},"minecraft:mined":{"minecraft:hay_block":5,"minecraft:red_carpet":2,"minecraft:spruce_planks":4,"minecolonies:blockconstructiontape":1,"minecraft:sweet_berry_bush":1,"minecraft:brown_carpet":3,"minecraft:infested_mossy_stone_bricks":3,"minecraft:grass":14,"minecraft:grass_block":86,"minecraft:coal_ore":4,"minecraft:iron_bars":2,"minecraft:dirt":6,"dynamictrees:oak_sapling":1,"minecraft:tall_grass":3,"minecraft:stone":16,"minecraft:infested_stone":1},"minecraft:picked_up":{"minecraft:stick":145,"minecraft:magma_cream":6,"minecraft:sweet_berries":3,"minecraft:bowl":1,"paraglider:spirit_orb":6,"minecraft:oak_log":97,"minecraft:dirt":87,"minecraft:spider_eye":1,"minecraft:string":2,"minecraft:brown_carpet":4,"minecraft:white_carpet":7,"minecraft:red_carpet":2,"minecraft:rotten_flesh":2,"minecraft:wheat_seeds":4,"minecraft:hay_block":5,"minecraft:spruce_planks":4,"minecraft:golden_apple":1,"minecraft:bread":14,"dynamictrees:oak_seed":12,"minecraft:coal":4,"minecraft:iron_bars":2,"minecraft:cobblestone":14}},"DataVersion":2586}