{"stats":{"minecraft:used":{"minecraft:sweet_berries":4},"minecraft:custom":{"minecraft:jump":36,"minecraft:time_since_rest":2178,"minecraft:crouch_one_cm":99,"minecraft:play_one_minute":2178,"minecraft:sprint_one_cm":5024,"minecraft:damage_taken":450,"minecraft:time_since_death":2178,"minecraft:walk_one_cm":12610,"minecraft:sneak_time":9,"minecraft:fall_one_cm":418,"minecraft:fly_one_cm":6782},"minecraft:mined":{"minecraft:sweet_berry_bush":1},"minecraft:picked_up":{"minecraft:sweet_berries":3}},"DataVersion":2586}