{"stats":{"minecraft:used":{"minecraft:netherite_sword":3,"minecraft:stone_pickaxe":5,"minecraft:wooden_pickaxe":23,"minecraft:iron_sword":11,"spartanweaponry:tomahawk_iron":7,"minecraft:golden_apple":15,"minecraft:dirt":6,"minecraft:mutton":9,"minecraft:tnt":2,"minecraft:crafting_table":2,"minecraft:magenta_carpet":3,"minecraft:netherite_shovel":1,"minecraft:bread":8,"minecraft:string":1,"minecraft:netherite_axe":4,"magistuarmory:diamond_katzbalger":22,"minecraft:beef":1,"minecraft:sweet_berries":20,"minecraft:netherite_pickaxe":1},"minecraft:custom":{"minecraft:mob_kills":18,"minecraft:interact_with_crafting_table":5,"minecraft:open_barrel":1,"minecraft:play_one_minute":46982,"minecraft:leave_game":3,"minecraft:time_since_death":46982,"minecraft:climb_one_cm":5793,"minecraft:time_since_rest":46982,"minecraft:sprint_one_cm":105248,"minecraft:walk_one_cm":129737,"minecraft:damage_taken":1486,"minecraft:damage_absorbed":177,"minecraft:drop":28,"minecraft:damage_dealt":5068,"minecraft:swim_one_cm":34746,"minecraft:talked_to_villager":2,"minecraft:fly_one_cm":236797,"minecraft:open_chest":17,"minecraft:crouch_one_cm":6488,"minecraft:sneak_time":2505,"minecraft:walk_under_water_one_cm":13963,"minecraft:jump":979,"minecraft:interact_with_brewingstand":1,"minecraft:walk_on_water_one_cm":13620,"minecraft:fall_one_cm":28777},"minecraft:killed":{"waifucraft:waifu_zombie":1,"waifucraft:rem":1,"minecraft:spider":1,"minecraft:creeper":3,"mutantbeasts:mutant_skeleton":1,"minecraft:sheep":1,"minecraft:skeleton":2,"waifucraft:miku":1,"minecraft:pillager":1,"minecraft:zombie":3,"mutantbeasts:mutant_zombie":1,"minecraft:villager":1},"minecraft:dropped":{"minecraft:iron_ingot":2,"minecraft:netherite_pickaxe":1,"minecraft:wheat_seeds":3,"minecraft:netherite_hoe":1,"dynamictrees:oak_seed":1,"musketmod:cartridge":193,"minecraft:netherite_sword":1,"minecraft:diamond_leggings":2,"minecraft:netherite_axe":1,"minecraft:netherite_shovel":1,"musketmod:musket_with_bayonet":2,"minecraft:golden_apple":64,"minecraft:diamond_chestplate":2,"minecraft:diamond_helmet":3,"minecraft:diamond_boots":2,"musketmod:pistol":2},"minecraft:crafted":{"minecraft:oak_planks":36,"minecraft:stone_shovel":1,"minecraft:crafting_table":2,"minecraft:spruce_planks":8,"minecraft:wooden_pickaxe":1,"minecraft:stone_axe":1,"minecraft:stick":4,"minecraft:stone_pickaxe":1},"minecraft:mined":{"minecraft:dark_oak_planks":1,"minecraft:brown_carpet":1,"minecraft:grass_block":4,"minecraft:white_stained_glass_pane":2,"minecraft:rose_bush":1,"minecraft:tall_grass":11,"minecraft:cobblestone_wall":1,"minecraft:spruce_log":2,"minecraft:grass":16,"minecraft:dirt":2,"minecraft:stone":28},"minecraft:picked_up":{"mutantbeasts:hulk_hammer":1,"minecraft:oak_log":9,"minecraft:gunpowder":3,"minecraft:dirt":6,"minecraft:kelp":11,"minecraft:diamond_leggings":1,"minecraft:wheat_seeds":4,"minecraft:beef":1,"dynamictrees:oak_seed":2,"minecraft:diamond_helmet":1,"minecraft:iron_sword":1,"waifucraft:waifu_ring_mob":1,"minecraft:stick":32,"minecraft:sandstone":2,"minecraft:sweet_berries":18,"minecraft:spruce_log":2,"minecraft:tnt":1,"minecraft:polished_andesite":1,"minecraft:stone_sword":1,"minecraft:diamond_chestplate":1,"minecraft:diamond_boots":1,"minecraft:bread":8,"minecraft:mutton":1,"minecraft:white_wool":1,"minecraft:cobblestone":28}},"DataVersion":2586}