{"stats":{"minecraft:used":{"waifucraft:waifu_spider_spawn_egg":1,"minecraft:cooked_mutton":9,"waifucraft:padoru_spawn_egg":1,"mutantbeasts:mutant_enderman_spawn_egg":1,"minecraft:chest":2,"mutantbeasts:mutant_creeper_spawn_egg":1,"minecraft:brown_mushroom":1,"waifucraft:waifu_zombie_spawn_egg":1,"mutantbeasts:creeper_minion_spawn_egg":1,"spartanweaponry:tomahawk_iron":13,"mutantbeasts:mutant_zombie_spawn_egg":1,"minecraft:cooked_chicken":2,"minecraft:golden_apple":3,"minecraft:mutton":2,"minecraft:crafting_table":1,"mutantbeasts:chemical_x":12,"mutantbeasts:mutant_skeleton_spawn_egg":1,"minecraft:bread":9,"waifucraft:waifu_creeper_spawn_egg":1,"spartanweaponry:halberd_iron":69,"mutantbeasts:mutant_snow_golem_spawn_egg":1,"mutantbeasts:spider_pig_spawn_egg":1,"minecraft:porkchop":2,"minecraft:furnace":1,"alexsmobs:animal_dictionary":1,"waifucraft:waifu_skeleton_spawn_egg":1},"minecraft:custom":{"minecraft:interact_with_furnace":5,"minecraft:mob_kills":5,"minecraft:interact_with_crafting_table":3,"minecraft:open_barrel":2,"minecraft:play_one_minute":70625,"minecraft:leave_game":1,"minecraft:time_since_death":70625,"minecraft:climb_one_cm":8867,"minecraft:time_since_rest":70625,"minecraft:walk_one_cm":181024,"minecraft:sprint_one_cm":105406,"minecraft:damage_taken":1189,"minecraft:damage_absorbed":41,"minecraft:drop":19,"minecraft:damage_dealt":2122,"minecraft:swim_one_cm":44519,"minecraft:talked_to_villager":8,"minecraft:fly_one_cm":152147,"minecraft:open_chest":33,"minecraft:crouch_one_cm":2085,"minecraft:sneak_time":780,"minecraft:walk_under_water_one_cm":12198,"minecraft:interact_with_brewingstand":1,"minecraft:jump":821,"minecraft:interact_with_blast_furnace":1,"minecraft:walk_on_water_one_cm":17794,"minecraft:interact_with_smoker":2,"minecraft:fall_one_cm":20986},"minecraft:killed":{"alexsmobs:raccoon":4,"minecraft:horse":1},"minecraft:dropped":{"iceandfire:stymphalian_bird_feather":1,"minecraft:iron_sword":1,"minecraft:stone_sword":1,"spartanweaponry:halberd_iron":1,"minecraft:name_tag":1,"minecraft:polished_andesite":1,"minecraft:poppy":1,"spartanweaponry:tomahawk_iron":4,"minecraft:gold_nugget":1,"minecraft:sandstone":2,"minecraft:gold_ingot":6},"minecraft:crafted":{"minecraft:crafting_table":1,"minecraft:spruce_planks":4,"minecraft:cooked_chicken":2,"minecraft:cooked_mutton":9,"minecraft:air":0,"minecraft:stone_sword":1,"minecraft:chest":1,"minecraft:gold_ingot":27},"minecraft:mined":{"minecraft:brown_mushroom":1,"minecraft:kelp_plant":4,"minecraft:poppy":1,"minecraft:sugar_cane":4,"minecraft:kelp":8,"minecraft:sweet_berry_bush":2,"minecraft:spruce_log":1,"minecraft:grass":2,"iceandfire:gold_pile":25,"minecraft:green_bed":1},"minecraft:picked_up":{"musketmod:pistol":2,"minecraft:leather":2,"minecraft:brown_mushroom":1,"minecraft:name_tag":1,"minecraft:diamond_leggings":1,"minecraft:gold_nugget":244,"minecraft:netherite_sword":1,"minecraft:iron_ingot":2,"minecraft:netherite_axe":1,"minecraft:poppy":1,"minecraft:diamond_helmet":2,"minecraft:sugar_cane":5,"minecraft:stick":2,"spartanweaponry:halberd_iron":1,"minecraft:green_bed":1,"minecraft:netherite_shovel":1,"musketmod:musket_with_bayonet":2,"iceandfire:stymphalian_bird_feather":1,"minecraft:spruce_log":1,"minecraft:netherite_pickaxe":1,"minecraft:diamond_chestplate":1,"minecraft:diamond_boots":1,"musketmod:cartridge":193,"minecraft:iron_helmet":1,"minecraft:golden_apple":64,"minecraft:gold_ingot":6,"minecraft:bread":9,"minecraft:netherite_hoe":1}},"DataVersion":2586}