{
  "spartanweaponry:recipes/spartanweaponry.modded/throwing_knife_silver": {
    "criteria": {
      "has_silver_ingot": "2024-08-05 00:52:42 +0000"
    },
    "done": true
  },
  "securitycraft:recipes/securitycraft/universal_block_remover": {
    "criteria": {
      "has_iron": "2024-08-05 00:52:45 +0000"
    },
    "done": true
  },
  "minecraft:recipes/decorations/smoker": {
    "criteria": {
      "has_furnace": "2024-08-05 00:52:42 +0000"
    },
    "done": true
  },
  "minecraft:recipes/food/cooked_mutton_from_campfire_cooking": {
    "criteria": {
      "has_mutton": "2024-08-05 00:52:42 +0000"
    },
    "done": true
  },
  "minecraft:recipes/building_blocks/polished_andesite_slab": {
    "criteria": {
      "has_polished_andesite": "2024-08-05 00:52:42 +0000"
    },
    "done": true
  },
  "repurposed_structures:igloos": {
    "criteria": {
      "in_igloo_grassy": "2024-08-05 00:46:08 +0000"
    },
    "done": false
  },
  "minecraft:recipes/redstone/lever": {
    "criteria": {
      "has_cobblestone": "2024-08-05 00:48:37 +0000"
    },
    "done": true
  },
  "spartanweaponry:recipes/spartanweaponry.basic/hammer_gold": {
    "criteria": {
      "has_gold_ingot": "2024-08-05 00:41:22 +0000"
    },
    "done": true
  },
  "farmersdelight:recipes/farmersdelight/organic_compost_from_rotten_flesh": {
    "criteria": {
      "has_rotten_flesh": "2024-08-05 00:52:42 +0000"
    },
    "done": true
  },
  "minecraft:recipes/combat/iron_sword": {
    "criteria": {
      "has_iron_ingot": "2024-08-05 00:52:45 +0000"
    },
    "done": true
  },
  "securitycraft:recipes/securitycraft/reinforced_andesite_with_vanilla_diorite": {
    "criteria": {
      "has_cobblestone": "2024-08-05 00:48:37 +0000"
    },
    "done": true
  },
  "minecraft:recipes/redstone/spruce_door": {
    "criteria": {
      "has_planks": "2024-08-05 00:13:53 +0000"
    },
    "done": true
  },
  "minecolonies:recipes/structurize/shapetool": {
    "criteria": {
      "has_stick": "2024-08-05 00:41:22 +0000"
    },
    "done": true
  },
  "securitycraft:recipes/securitycraft/sentry": {
    "criteria": {
      "has_iron": "2024-08-05 00:52:45 +0000"
    },
    "done": true
  },
  "minecraft:recipes/building_blocks/lime_concrete_powder": {
    "criteria": {
      "has_sand": "2024-08-05 00:52:42 +0000"
    },
    "done": true
  },
  "minecraft:recipes/tools/iron_pickaxe": {
    "criteria": {
      "has_iron_ingot": "2024-08-05 00:52:45 +0000"
    },
    "done": true
  },
  "spartanweaponry:recipes/spartanweaponry.modded/longsword_silver": {
    "criteria": {
      "has_silver_ingot": "2024-08-05 00:52:42 +0000"
    },
    "done": true
  },
  "minecraft:recipes/building_blocks/yellow_concrete_powder": {
    "criteria": {
      "has_sand": "2024-08-05 00:52:42 +0000"
    },
    "done": true
  },
  "minecraft:recipes/redstone/spruce_fence_gate": {
    "criteria": {
      "has_planks": "2024-08-05 00:13:53 +0000"
    },
    "done": true
  },
  "minecraft:recipes/combat/leather_helmet": {
    "criteria": {
      "has_leather": "2024-08-05 00:45:59 +0000"
    },
    "done": true
  },
  "minecraft:recipes/decorations/crafting_table": {
    "criteria": {
      "has_planks": "2024-08-05 00:13:54 +0000"
    },
    "done": true
  },
  "spartanweaponry:recipes/spartanweaponry.basic/flanged_mace_gold": {
    "criteria": {
      "has_gold_ingot": "2024-08-05 00:41:22 +0000"
    },
    "done": true
  },
  "minecraft:recipes/decorations/ladder": {
    "criteria": {
      "has_stick": "2024-08-05 00:41:22 +0000"
    },
    "done": true
  },
  "iceandfire:iceandfire/root": {
    "criteria": {
      "tick": "2024-08-05 00:11:43 +0000"
    },
    "done": true
  },
  "minecraft:recipes/decorations/chest": {
    "criteria": {
      "has_lots_of_items": "2024-08-05 00:41:22 +0000"
    },
    "done": true
  },
  "minecraft:story/shiny_gear": {
    "criteria": {
      "diamond_helmet": "2024-08-05 01:02:36 +0000"
    },
    "done": true
  },
  "minecraft:recipes/combat/golden_sword": {
    "criteria": {
      "has_gold_ingot": "2024-08-05 00:41:22 +0000"
    },
    "done": true
  },
  "securitycraft:recipes/securitycraft/reinforced_redstone_lamp": {
    "criteria": {
      "has_redstone": "2024-08-05 00:41:04 +0000"
    },
    "done": true
  },
  "minecraft:recipes/redstone/spruce_button": {
    "criteria": {
      "has_planks": "2024-08-05 00:13:54 +0000"
    },
    "done": true
  },
  "minecraft:recipes/tools/wooden_shovel": {
    "criteria": {
      "has_stick": "2024-08-05 00:41:22 +0000"
    },
    "done": true
  },
  "minecraft:recipes/tools/shears": {
    "criteria": {
      "has_iron_ingot": "2024-08-05 00:52:45 +0000"
    },
    "done": true
  },
  "spartanweaponry:recipes/spartanweaponry.basic/greatsword_gold": {
    "criteria": {
      "has_gold_ingot": "2024-08-05 00:41:22 +0000"
    },
    "done": true
  },
  "minecraft:recipes/misc/stick": {
    "criteria": {
      "has_planks": "2024-08-05 00:13:53 +0000"
    },
    "done": true
  },
  "mutantbeasts:gunpowder_spice": {
    "criteria": {
      "obtained_chemical_x": "2024-08-05 01:05:36 +0000"
    },
    "done": true
  },
  "spartanweaponry:recipes/spartanweaponry.basic/parrying_dagger_wood": {
    "criteria": {
      "has_wood": "2024-08-05 00:13:54 +0000"
    },
    "done": true
  },
  "securitycraft:recipes/securitycraft/electrified_iron_fence": {
    "criteria": {
      "has_iron": "2024-08-05 00:52:45 +0000"
    },
    "done": true
  },
  "minecraft:recipes/building_blocks/emerald_block": {
    "criteria": {
      "has_emerald": "2024-08-05 00:41:04 +0000"
    },
    "done": true
  },
  "spartanweaponry:recipes/spartanweaponry.basic/javelin_gold": {
    "criteria": {
      "has_gold_ingot": "2024-08-05 00:41:22 +0000"
    },
    "done": true
  },
  "securitycraft:recipes/securitycraft/reinforced_andesite_with_vanilla_cobblestone": {
    "criteria": {
      "has_cobblestone": "2024-08-05 00:48:37 +0000"
    },
    "done": true
  },
  "spartanweaponry:recipes/spartanweaponry.basic/flanged_mace_iron": {
    "criteria": {
      "has_iron_ingot": "2024-08-05 00:52:45 +0000"
    },
    "done": true
  },
  "securitycraft:recipes/securitycraft/reinforced_dark_oak_fence_gate": {
    "criteria": {
      "has_stick": "2024-08-05 00:41:21 +0000"
    },
    "done": true
  },
  "minecraft:recipes/combat/iron_leggings": {
    "criteria": {
      "has_iron_ingot": "2024-08-05 00:52:45 +0000"
    },
    "done": true
  },
  "minecraft:recipes/building_blocks/sandstone_stairs": {
    "criteria": {
      "has_sandstone": "2024-08-05 00:52:42 +0000"
    },
    "done": true
  },
  "spartanweaponry:recipes/spartanweaponry.modded/boomerang_silver": {
    "criteria": {
      "has_silver_ingot": "2024-08-05 00:52:42 +0000"
    },
    "done": true
  },
  "minecraft:recipes/brewing/golden_carrot": {
    "criteria": {
      "has_gold_nugget": "2024-08-05 00:54:04 +0000"
    },
    "done": true
  },
  "minecraft:recipes/combat/shield": {
    "criteria": {
      "has_iron_ingot": "2024-08-05 00:52:45 +0000"
    },
    "done": true
  },
  "minecraft:recipes/building_blocks/cobblestone_slab": {
    "criteria": {
      "has_cobblestone": "2024-08-05 00:48:37 +0000"
    },
    "done": true
  },
  "spartanweaponry:recipes/spartanweaponry.modded/flanged_mace_silver": {
    "criteria": {
      "has_silver_ingot": "2024-08-05 00:52:42 +0000"
    },
    "done": true
  },
  "minecraft:recipes/food/dried_kelp_from_smoking": {
    "criteria": {
      "has_kelp": "2024-08-05 00:52:42 +0000"
    },
    "done": true
  },
  "minecraft:recipes/redstone/hopper": {
    "criteria": {
      "has_iron_ingot": "2024-08-05 00:52:45 +0000"
    },
    "done": true
  },
  "spartanweaponry:recipes/spartanweaponry.basic/quarterstaff_gold": {
    "criteria": {
      "has_gold_ingot": "2024-08-05 00:41:22 +0000"
    },
    "done": true
  },
  "spartanweaponry:recipes/spartanweaponry.basic/javelin_stone": {
    "criteria": {
      "has_cobblestone": "2024-08-05 00:48:37 +0000"
    },
    "done": true
  },
  "paraglider:recipes/paraglider/cosmetic/rito_goddess_statue": {
    "criteria": {
      "has_goddess_statue": "2024-08-05 00:52:42 +0000"
    },
    "done": true
  },
  "spartanweaponry:recipes/spartanweaponry.basic/saber_iron": {
    "criteria": {
      "has_iron_ingot": "2024-08-05 00:52:45 +0000"
    },
    "done": true
  },
  "securitycraft:recipes/securitycraft/taser": {
    "criteria": {
      "has_redstone": "2024-08-05 00:41:04 +0000"
    },
    "done": true
  },
  "mutantbeasts:root": {
    "criteria": {
      "killed_something": "2024-08-05 00:35:42 +0000"
    },
    "done": true
  },
  "minecraft:recipes/building_blocks/light_gray_concrete_powder": {
    "criteria": {
      "has_sand": "2024-08-05 00:52:42 +0000"
    },
    "done": true
  },
  "securitycraft:recipes/securitycraft/reinforced_spruce_fence_gate": {
    "criteria": {
      "has_stick": "2024-08-05 00:41:22 +0000"
    },
    "done": true
  },
  "biomesoplenty:recipes/transportation/cherry_boat": {
    "criteria": {
      "in_water": "2024-08-05 00:13:15 +0000"
    },
    "done": true
  },
  "ironchest:recipes/ironchest/chests/copper_silver_chest": {
    "criteria": {
      "has_item": "2024-08-05 00:52:42 +0000"
    },
    "done": true
  },
  "biomesoplenty:recipes/transportation/fir_boat": {
    "criteria": {
      "in_water": "2024-08-05 00:13:15 +0000"
    },
    "done": true
  },
  "minecraft:recipes/combat/leather_leggings": {
    "criteria": {
      "has_leather": "2024-08-05 00:45:59 +0000"
    },
    "done": true
  },
  "minecraft:recipes/building_blocks/pink_concrete_powder": {
    "criteria": {
      "has_sand": "2024-08-05 00:52:42 +0000"
    },
    "done": true
  },
  "minecraft:recipes/building_blocks/sandstone_slab": {
    "criteria": {
      "has_sandstone": "2024-08-05 00:52:42 +0000"
    },
    "done": true
  },
  "securitycraft:recipes/securitycraft/security_camera": {
    "criteria": {
      "has_iron": "2024-08-05 00:52:45 +0000"
    },
    "done": true
  },
  "securitycraft:recipes/securitycraft/door_indestructible_iron_item": {
    "criteria": {
      "has_iron": "2024-08-05 00:52:45 +0000"
    },
    "done": true
  },
  "minecraft:recipes/decorations/iron_bars": {
    "criteria": {
      "has_iron_ingot": "2024-08-05 00:52:45 +0000"
    },
    "done": true
  },
  "spartanweaponry:recipes/spartanweaponry.basic/tomahawk_wood": {
    "criteria": {
      "has_wood": "2024-08-05 00:13:54 +0000"
    },
    "done": true
  },
  "securitycraft:recipes/securitycraft/reinforced_crimson_fence_gate": {
    "criteria": {
      "has_stick": "2024-08-05 00:41:22 +0000"
    },
    "done": true
  },
  "securitycraft:recipes/securitycraft/reinforced_dropper": {
    "criteria": {
      "has_redstone": "2024-08-05 00:41:04 +0000"
    },
    "done": true
  },
  "minecraft:recipes/building_blocks/gold_block": {
    "criteria": {
      "has_gold_ingot": "2024-08-05 00:41:22 +0000"
    },
    "done": true
  },
  "minecraft:story/obtain_armor": {
    "criteria": {
      "iron_helmet": "2024-08-05 00:52:22 +0000"
    },
    "done": true
  },
  "ironchest:recipes/ironchest/chests/silver_gold_chest": {
    "criteria": {
      "has_item": "2024-08-05 00:52:42 +0000"
    },
    "done": true
  },
  "spartanweaponry:recipes/spartanweaponry.basic/dagger_wood": {
    "criteria": {
      "has_wood": "2024-08-05 00:13:53 +0000"
    },
    "done": true
  },
  "securitycraft:recipes/securitycraft/portable_radar": {
    "criteria": {
      "has_redstone": "2024-08-05 00:41:04 +0000"
    },
    "done": true
  },
  "spartanweaponry:recipes/spartanweaponry.modded/pike_silver": {
    "criteria": {
      "has_silver_ingot": "2024-08-05 00:52:42 +0000"
    },
    "done": true
  },
  "spartanweaponry:recipes/spartanweaponry.modded/warhammer_silver": {
    "criteria": {
      "has_silver_ingot": "2024-08-05 00:52:42 +0000"
    },
    "done": true
  },
  "majruszs_difficulty:progressive_difficulty/normal_mode": {
    "criteria": {
      "game_state": "2024-08-05 00:11:43 +0000"
    },
    "done": true
  },
  "minecraft:recipes/brewing/cauldron": {
    "criteria": {
      "has_water_bucket": "2024-08-05 00:40:57 +0000"
    },
    "done": true
  },
  "securitycraft:recipes/securitycraft/reinforced_jungle_fence": {
    "criteria": {
      "has_stick": "2024-08-05 00:41:22 +0000"
    },
    "done": true
  },
  "minecraft:recipes/building_blocks/sandstone": {
    "criteria": {
      "has_sand": "2024-08-05 00:52:42 +0000"
    },
    "done": true
  },
  "spartanweaponry:recipes/spartanweaponry.basic/club_wood": {
    "criteria": {
      "has_wood_log": "2024-08-05 00:13:50 +0000"
    },
    "done": true
  },
  "minecraft:recipes/building_blocks/spruce_planks": {
    "criteria": {
      "has_logs": "2024-08-05 00:13:50 +0000"
    },
    "done": true
  },
  "spartanweaponry:recipes/spartanweaponry.basic/glaive_stone": {
    "criteria": {
      "has_cobblestone": "2024-08-05 00:48:37 +0000"
    },
    "done": true
  },
  "minecraft:recipes/building_blocks/cobblestone_slab_from_cobblestone_stonecutting": {
    "criteria": {
      "has_cobblestone": "2024-08-05 00:48:37 +0000"
    },
    "done": true
  },
  "minecraft:recipes/food/dried_kelp_from_smelting": {
    "criteria": {
      "has_kelp": "2024-08-05 00:52:42 +0000"
    },
    "done": true
  },
  "spartanweaponry:recipes/spartanweaponry.basic/spear_wood": {
    "criteria": {
      "has_wood": "2024-08-05 00:13:53 +0000"
    },
    "done": true
  },
  "minecraft:recipes/building_blocks/oak_stairs": {
    "criteria": {
      "has_planks": "2024-08-05 00:52:42 +0000"
    },
    "done": true
  },
  "farmersdelight:recipes/farmersdelight/roasted_mutton_chops": {
    "criteria": {
      "has_mutton": "2024-08-05 00:55:42 +0000"
    },
    "done": true
  },
  "ironchest:recipes/ironchest/chests/copper_iron_chest": {
    "criteria": {
      "has_item": "2024-08-05 00:52:45 +0000"
    },
    "done": true
  },
  "spartanweaponry:recipes/spartanweaponry.basic/rapier_stone": {
    "criteria": {
      "has_cobblestone": "2024-08-05 00:48:37 +0000"
    },
    "done": true
  },
  "minecraft:recipes/transportation/acacia_boat": {
    "criteria": {
      "in_water": "2024-08-05 00:13:15 +0000"
    },
    "done": true
  },
  "minecolonies:recipes/combat/chainmailleggings": {
    "criteria": {
      "has_iron": "2024-08-05 00:52:45 +0000"
    },
    "done": true
  },
  "minecraft:recipes/redstone/iron_trapdoor": {
    "criteria": {
      "has_iron_ingot": "2024-08-05 00:52:45 +0000"
    },
    "done": true
  },
  "mostructures:villager_market": {
    "criteria": {
      "villager_market": "2024-08-05 00:13:57 +0000"
    },
    "done": true
  },
  "farmersdelight:recipes/farmersdelight/cutting_board": {
    "criteria": {
      "has_stick": "2024-08-05 00:41:22 +0000"
    },
    "done": true
  },
  "spartanweaponry:recipes/spartanweaponry.basic/handle_from_leather": {
    "criteria": {
      "has_stick": "2024-08-05 00:41:22 +0000"
    },
    "done": true
  },
  "minecraft:adventure/root": {
    "criteria": {
      "killed_something": "2024-08-05 00:35:42 +0000"
    },
    "done": true
  },
  "securitycraft:recipes/securitycraft/storage_module": {
    "criteria": {
      "has_iron": "2024-08-05 00:52:45 +0000"
    },
    "done": true
  },
  "minecraft:recipes/building_blocks/white_concrete_powder": {
    "criteria": {
      "has_sand": "2024-08-05 00:52:42 +0000"
    },
    "done": true
  },
  "farmersdelight:recipes/farmersdelight/chicken_sandwich": {
    "criteria": {
      "has_cooked_chicken": "2024-08-05 00:43:31 +0000"
    },
    "done": true
  },
  "farmersdelight:recipes/farmersdelight/cooking_pot": {
    "criteria": {
      "has_iron_ingot": "2024-08-05 00:52:45 +0000"
    },
    "done": true
  },
  "minecraft:recipes/redstone/redstone_block": {
    "criteria": {
      "has_redstone": "2024-08-05 00:41:04 +0000"
    },
    "done": true
  },
  "spartanweaponry:recipes/spartanweaponry.basic/pike_iron": {
    "criteria": {
      "has_iron_ingot": "2024-08-05 00:52:45 +0000"
    },
    "done": true
  },
  "spartanweaponry:recipes/spartanweaponry.modded/halberd_silver": {
    "criteria": {
      "has_silver_ingot": "2024-08-05 00:52:42 +0000"
    },
    "done": true
  },
  "minecraft:recipes/misc/iron_nugget_from_smelting": {
    "criteria": {
      "has_iron_pickaxe": "2024-08-05 00:41:22 +0000"
    },
    "done": true
  },
  "minecraft:recipes/food/cooked_mutton_from_smoking": {
    "criteria": {
      "has_mutton": "2024-08-05 00:52:42 +0000"
    },
    "done": true
  },
  "spartanweaponry:recipes/spartanweaponry.basic/lance_iron": {
    "criteria": {
      "has_iron_ingot": "2024-08-05 00:52:45 +0000"
    },
    "done": true
  },
  "spartanweaponry:recipes/spartanweaponry.basic/javelin_iron": {
    "criteria": {
      "has_iron_ingot": "2024-08-05 00:52:45 +0000"
    },
    "done": true
  },
  "minecraft:recipes/decorations/chain": {
    "criteria": {
      "has_iron_ingot": "2024-08-05 00:52:45 +0000"
    },
    "done": true
  },
  "securitycraft:recipes/securitycraft/reinforced_warped_fence_gate": {
    "criteria": {
      "has_stick": "2024-08-05 00:41:22 +0000"
    },
    "done": true
  },
  "spartanweaponry:recipes/spartanweaponry.basic/quarterstaff_stone": {
    "criteria": {
      "has_cobblestone": "2024-08-05 00:48:37 +0000"
    },
    "done": true
  },
  "spartanweaponry:recipes/spartanweaponry.basic/dagger_stone": {
    "criteria": {
      "has_cobblestone": "2024-08-05 00:48:37 +0000"
    },
    "done": true
  },
  "minecraft:recipes/misc/blue_dye": {
    "criteria": {
      "has_lapis_lazuli": "2024-08-05 00:41:04 +0000"
    },
    "done": true
  },
  "minecraft:recipes/decorations/oak_fence": {
    "criteria": {
      "has_planks": "2024-08-05 00:52:42 +0000"
    },
    "done": true
  },
  "paraglider:root": {
    "criteria": {
      "crafting_table": "2024-08-05 00:13:55 +0000"
    },
    "done": true
  },
  "securitycraft:recipes/securitycraft/universal_block_modifier": {
    "criteria": {
      "has_redstone": "2024-08-05 00:41:04 +0000"
    },
    "done": true
  },
  "spartanweaponry:recipes/spartanweaponry.basic/warhammer_wood": {
    "criteria": {
      "has_wood": "2024-08-05 00:13:54 +0000"
    },
    "done": true
  },
  "spartanweaponry:recipes/spartanweaponry.basic/warhammer_stone": {
    "criteria": {
      "has_cobblestone": "2024-08-05 00:48:37 +0000"
    },
    "done": true
  },
  "minecraft:recipes/food/cooked_porkchop": {
    "criteria": {
      "has_porkchop": "2024-08-05 00:52:42 +0000"
    },
    "done": true
  },
  "minecraft:recipes/building_blocks/orange_concrete_powder": {
    "criteria": {
      "has_sand": "2024-08-05 00:52:42 +0000"
    },
    "done": true
  },
  "minecraft:recipes/building_blocks/oak_slab": {
    "criteria": {
      "has_planks": "2024-08-05 00:52:42 +0000"
    },
    "done": true
  },
  "spartanweaponry:recipes/spartanweaponry.basic/heavy_crossbow_wood": {
    "criteria": {
      "has_wood": "2024-08-05 00:13:54 +0000"
    },
    "done": true
  },
  "spartanweaponry:recipes/spartanweaponry.basic/throwing_knife_stone": {
    "criteria": {
      "has_cobblestone": "2024-08-05 00:48:37 +0000"
    },
    "done": true
  },
  "minecraft:husbandry/tame_an_animal": {
    "criteria": {
      "tamed_animal": "2024-08-05 01:07:52 +0000"
    },
    "done": true
  },
  "securitycraft:recipes/securitycraft/reinforced_crimson_fence": {
    "criteria": {
      "has_stick": "2024-08-05 00:41:22 +0000"
    },
    "done": true
  },
  "spartanweaponry:recipes/spartanweaponry.basic/scythe_stone": {
    "criteria": {
      "has_cobblestone": "2024-08-05 00:48:37 +0000"
    },
    "done": true
  },
  "minecraft:recipes/food/cooked_porkchop_from_campfire_cooking": {
    "criteria": {
      "has_porkchop": "2024-08-05 00:52:42 +0000"
    },
    "done": true
  },
  "spartanweaponry:recipes/spartanweaponry.basic/handle_from_wool": {
    "criteria": {
      "has_stick": "2024-08-05 00:41:21 +0000"
    },
    "done": true
  },
  "spartanweaponry:recipes/spartanweaponry.basic/scythe_gold": {
    "criteria": {
      "has_gold_ingot": "2024-08-05 00:41:22 +0000"
    },
    "done": true
  },
  "minecraft:recipes/combat/golden_chestplate": {
    "criteria": {
      "has_gold_ingot": "2024-08-05 00:41:22 +0000"
    },
    "done": true
  },
  "biomesoplenty:recipes/transportation/umbran_boat": {
    "criteria": {
      "in_water": "2024-08-05 00:13:15 +0000"
    },
    "done": true
  },
  "spartanweaponry:recipes/spartanweaponry.modded/greatsword_silver": {
    "criteria": {
      "has_silver_ingot": "2024-08-05 00:52:42 +0000"
    },
    "done": true
  },
  "spartanweaponry:recipes/spartanweaponry.basic/rapier_wood": {
    "criteria": {
      "has_wood": "2024-08-05 00:13:53 +0000"
    },
    "done": true
  },
  "farmersdelight:recipes/farmersdelight/mutton_wrap": {
    "criteria": {
      "has_mutton": "2024-08-05 00:55:42 +0000"
    },
    "done": true
  },
  "spartanweaponry:recipes/spartanweaponry.basic/halberd_gold": {
    "criteria": {
      "has_gold_ingot": "2024-08-05 00:41:22 +0000"
    },
    "done": true
  },
  "securitycraft:recipes/securitycraft/universal_key_changer": {
    "criteria": {
      "has_redstone": "2024-08-05 00:41:04 +0000"
    },
    "done": true
  },
  "spartanweaponry:recipes/spartanweaponry.basic/glaive_iron": {
    "criteria": {
      "has_iron_ingot": "2024-08-05 00:52:45 +0000"
    },
    "done": true
  },
  "spartanweaponry:recipes/spartanweaponry.modded/tomahawk_silver": {
    "criteria": {
      "has_silver_ingot": "2024-08-05 00:52:42 +0000"
    },
    "done": true
  },
  "waifucraft:adv_padoru": {
    "criteria": {
      "adv_padoru": "2024-08-05 01:09:30 +0000"
    },
    "done": true
  },
  "minecraft:recipes/building_blocks/iron_block": {
    "criteria": {
      "has_iron_ingot": "2024-08-05 00:52:45 +0000"
    },
    "done": true
  },
  "spartanweaponry:recipes/spartanweaponry.basic/battleaxe_gold": {
    "criteria": {
      "has_gold_ingot": "2024-08-05 00:41:22 +0000"
    },
    "done": true
  },
  "minecraft:recipes/misc/red_dye_from_poppy": {
    "criteria": {
      "has_red_flower": "2024-08-05 00:31:14 +0000"
    },
    "done": true
  },
  "spartanweaponry:recipes/spartanweaponry.basic/lance_gold": {
    "criteria": {
      "has_gold_ingot": "2024-08-05 00:41:22 +0000"
    },
    "done": true
  },
  "minecraft:recipes/building_blocks/spruce_wood": {
    "criteria": {
      "has_log": "2024-08-05 00:13:50 +0000"
    },
    "done": true
  },
  "spartanweaponry:recipes/spartanweaponry.basic/pike_gold": {
    "criteria": {
      "has_gold_ingot": "2024-08-05 00:41:22 +0000"
    },
    "done": true
  },
  "mowziesmobs:root": {
    "criteria": {
      "custom_test_name": "2024-08-05 00:11:43 +0000"
    },
    "done": true
  },
  "securitycraft:recipes/securitycraft/reinforced_birch_fence": {
    "criteria": {
      "has_stick": "2024-08-05 00:41:21 +0000"
    },
    "done": true
  },
  "spartanweaponry:recipes/spartanweaponry.modded/dagger_silver": {
    "criteria": {
      "has_silver_ingot": "2024-08-05 00:52:42 +0000"
    },
    "done": true
  },
  "securitycraft:recipes/securitycraft/username_logger": {
    "criteria": {
      "has_redstone": "2024-08-05 00:41:04 +0000"
    },
    "done": true
  },
  "minecraft:recipes/combat/wooden_sword": {
    "criteria": {
      "has_stick": "2024-08-05 00:41:21 +0000"
    },
    "done": true
  },
  "minecraft:husbandry/obtain_netherite_hoe": {
    "criteria": {
      "netherite_hoe": "2024-08-05 01:03:20 +0000"
    },
    "done": true
  },
  "minecraft:recipes/building_blocks/gray_concrete_powder": {
    "criteria": {
      "has_sand": "2024-08-05 00:52:42 +0000"
    },
    "done": true
  },
  "securitycraft:recipes/securitycraft/cage_trap": {
    "criteria": {
      "has_redstone": "2024-08-05 00:41:04 +0000"
    },
    "done": true
  },
  "spartanweaponry:recipes/spartanweaponry.basic/battleaxe_iron": {
    "criteria": {
      "has_iron_ingot": "2024-08-05 00:52:45 +0000"
    },
    "done": true
  },
  "waifucraft:adv_rem": {
    "criteria": {
      "adv_rem": "2024-08-05 01:08:36 +0000"
    },
    "done": true
  },
  "securitycraft:recipes/securitycraft/smart_module": {
    "criteria": {
      "has_iron": "2024-08-05 00:52:45 +0000"
    },
    "done": true
  },
  "minecraft:recipes/tools/golden_axe": {
    "criteria": {
      "has_gold_ingot": "2024-08-05 00:41:22 +0000"
    },
    "done": true
  },
  "minecraft:recipes/tools/iron_axe": {
    "criteria": {
      "has_iron_ingot": "2024-08-05 00:52:45 +0000"
    },
    "done": true
  },
  "securitycraft:recipes/securitycraft/block_change_detector": {
    "criteria": {
      "has_iron": "2024-08-05 00:52:45 +0000"
    },
    "done": true
  },
  "structurize:recipes/structurize/white_floating_carpet_dye": {
    "criteria": {
      "can_dye_white_floating_carpet": "2024-08-05 00:52:42 +0000"
    },
    "done": true
  },
  "securitycraft:recipes/securitycraft/reinforced_acacia_fence": {
    "criteria": {
      "has_stick": "2024-08-05 00:41:22 +0000"
    },
    "done": true
  },
  "spartanweaponry:recipes/spartanweaponry.basic/battleaxe_stone": {
    "criteria": {
      "has_cobblestone": "2024-08-05 00:48:37 +0000"
    },
    "done": true
  },
  "minecraft:recipes/combat/iron_boots": {
    "criteria": {
      "has_iron_ingot": "2024-08-05 00:52:45 +0000"
    },
    "done": true
  },
  "minecraft:recipes/building_blocks/black_concrete_powder": {
    "criteria": {
      "has_sand": "2024-08-05 00:52:42 +0000"
    },
    "done": true
  },
  "spartanweaponry:recipes/spartanweaponry.basic/tomahawk_iron": {
    "criteria": {
      "has_iron_ingot": "2024-08-05 00:52:45 +0000"
    },
    "done": true
  },
  "securitycraft:recipes/securitycraft/reinforced_piston": {
    "criteria": {
      "has_redstone": "2024-08-05 00:41:04 +0000"
    },
    "done": true
  },
  "spartanweaponry:recipes/spartanweaponry.basic/glaive_gold": {
    "criteria": {
      "has_gold_ingot": "2024-08-05 00:41:22 +0000"
    },
    "done": true
  },
  "minecraft:story/iron_tools": {
    "criteria": {
      "iron_pickaxe": "2024-08-05 00:41:22 +0000"
    },
    "done": true
  },
  "spartanweaponry:recipes/spartanweaponry.basic/katana_iron": {
    "criteria": {
      "has_iron_ingot": "2024-08-05 00:52:45 +0000"
    },
    "done": true
  },
  "spartanweaponry:recipes/spartanweaponry.basic/boomerang_gold": {
    "criteria": {
      "has_gold_ingot": "2024-08-05 00:41:22 +0000"
    },
    "done": true
  },
  "minecraft:recipes/building_blocks/sandstone_stairs_from_sandstone_stonecutting": {
    "criteria": {
      "has_sandstone": "2024-08-05 00:52:42 +0000"
    },
    "done": true
  },
  "farmersdelight:recipes/farmersdelight/iron_knife": {
    "criteria": {
      "has_iron_ingot": "2024-08-05 00:52:45 +0000"
    },
    "done": true
  },
  "paraglider:recipes/paraglider/paraglider": {
    "criteria": {
      "has_stick": "2024-08-05 00:41:21 +0000"
    },
    "done": true
  },
  "minecraft:recipes/combat/iron_chestplate": {
    "criteria": {
      "has_iron_ingot": "2024-08-05 00:52:45 +0000"
    },
    "done": true
  },
  "minecraft:recipes/combat/crossbow": {
    "criteria": {
      "has_stick": "2024-08-05 00:41:22 +0000"
    },
    "done": true
  },
  "minecraft:recipes/redstone/spruce_pressure_plate": {
    "criteria": {
      "has_planks": "2024-08-05 00:13:54 +0000"
    },
    "done": true
  },
  "minecraft:recipes/food/cooked_porkchop_from_smoking": {
    "criteria": {
      "has_porkchop": "2024-08-05 00:52:42 +0000"
    },
    "done": true
  },
  "minecraft:recipes/decorations/oak_sign": {
    "criteria": {
      "has_oak_planks": "2024-08-05 00:52:42 +0000"
    },
    "done": true
  },
  "minecraft:recipes/redstone/oak_trapdoor": {
    "criteria": {
      "has_planks": "2024-08-05 00:52:42 +0000"
    },
    "done": true
  },
  "comforts:rope_and_nail": {
    "criteria": {
      "has_iron": "2024-08-05 00:52:45 +0000"
    },
    "done": true
  },
  "securitycraft:recipes/securitycraft/portable_tune_player": {
    "criteria": {
      "has_redstone": "2024-08-05 00:41:04 +0000"
    },
    "done": true
  },
  "minecraft:recipes/building_blocks/red_concrete_powder": {
    "criteria": {
      "has_sand": "2024-08-05 00:52:42 +0000"
    },
    "done": true
  },
  "minecraft:recipes/misc/iron_nugget_from_blasting": {
    "criteria": {
      "has_iron_pickaxe": "2024-08-05 00:41:22 +0000"
    },
    "done": true
  },
  "betterdungeons:root": {
    "criteria": {
      "always": "2024-08-05 00:11:43 +0000"
    },
    "done": true
  },
  "securitycraft:recipes/securitycraft/reinforced_diorite": {
    "criteria": {
      "has_cobblestone": "2024-08-05 00:48:37 +0000"
    },
    "done": true
  },
  "securitycraft:recipes/securitycraft/trophy_system": {
    "criteria": {
      "has_iron": "2024-08-05 00:52:45 +0000"
    },
    "done": true
  },
  "securitycraft:recipes/securitycraft/camera_monitor": {
    "criteria": {
      "has_iron": "2024-08-05 00:52:45 +0000"
    },
    "done": true
  },
  "minecraft:recipes/tools/golden_pickaxe": {
    "criteria": {
      "has_gold_ingot": "2024-08-05 00:41:22 +0000"
    },
    "done": true
  },
  "spartanweaponry:recipes/spartanweaponry.basic/katana_gold": {
    "criteria": {
      "has_gold_ingot": "2024-08-05 00:41:22 +0000"
    },
    "done": true
  },
  "spartanweaponry:halberd": {
    "criteria": {
      "has_halberd": "2024-08-05 00:41:36 +0000"
    },
    "done": true
  },
  "securitycraft:recipes/securitycraft/limited_use_keycard": {
    "criteria": {
      "has_iron": "2024-08-05 00:52:45 +0000"
    },
    "done": true
  },
  "minecraft:recipes/building_blocks/stone": {
    "criteria": {
      "has_cobblestone": "2024-08-05 00:48:37 +0000"
    },
    "done": true
  },
  "spartanweaponry:recipes/spartanweaponry.basic/scythe_iron": {
    "criteria": {
      "has_iron_ingot": "2024-08-05 00:52:45 +0000"
    },
    "done": true
  },
  "biomesoplenty:recipes/transportation/hellbark_boat": {
    "criteria": {
      "in_water": "2024-08-05 00:13:15 +0000"
    },
    "done": true
  },
  "minecraft:adventure/adventuring_time": {
    "criteria": {
      "minecraft:forest": "2024-08-05 00:31:54 +0000",
      "minecraft:taiga": "2024-08-05 00:11:43 +0000",
      "minecraft:taiga_hills": "2024-08-05 00:13:45 +0000",
      "minecraft:beach": "2024-08-05 00:14:05 +0000",
      "minecraft:river": "2024-08-05 00:13:15 +0000",
      "minecraft:plains": "2024-08-05 00:13:16 +0000"
    },
    "done": false
  },
  "ironchest:recipes/ironchest/chests/vanilla_iron_chest": {
    "criteria": {
      "has_iron_ingot": "2024-08-05 00:52:45 +0000"
    },
    "done": true
  },
  "spartanweaponry:recipes/spartanweaponry.basic/saber_gold": {
    "criteria": {
      "has_gold_ingot": "2024-08-05 00:41:22 +0000"
    },
    "done": true
  },
  "spartanweaponry:recipes/spartanweaponry.basic/greatsword_iron": {
    "criteria": {
      "has_iron_ingot": "2024-08-05 00:52:45 +0000"
    },
    "done": true
  },
  "spartanweaponry:recipes/spartanweaponry.basic/quarterstaff_wood": {
    "criteria": {
      "has_wood": "2024-08-05 00:13:54 +0000"
    },
    "done": true
  },
  "spartanweaponry:recipes/spartanweaponry.basic/longbow_leather": {
    "criteria": {
      "has_leather": "2024-08-05 00:45:59 +0000"
    },
    "done": true
  },
  "securitycraft:recipes/securitycraft/whitelist_module": {
    "criteria": {
      "has_iron": "2024-08-05 00:52:45 +0000"
    },
    "done": true
  },
  "farmersdelight:recipes/farmersdelight/nether_salad": {
    "criteria": {
      "has_bowl": "2024-08-05 00:52:42 +0000"
    },
    "done": true
  },
  "minecraft:recipes/combat/stone_sword": {
    "criteria": {
      "has_the_recipe": "2024-08-05 00:48:36 +0000"
    },
    "done": true
  },
  "minecraft:recipes/decorations/cobblestone_wall": {
    "criteria": {
      "has_cobblestone": "2024-08-05 00:48:37 +0000"
    },
    "done": true
  },
  "minecraft:recipes/decorations/barrel": {
    "criteria": {
      "has_planks": "2024-08-05 00:13:54 +0000"
    },
    "done": true
  },
  "securitycraft:recipes/securitycraft/reinforced_warped_fence": {
    "criteria": {
      "has_stick": "2024-08-05 00:41:22 +0000"
    },
    "done": true
  },
  "minecraft:recipes/tools/stone_pickaxe": {
    "criteria": {
      "has_cobblestone": "2024-08-05 00:48:37 +0000"
    },
    "done": true
  },
  "minecraft:recipes/decorations/smithing_table": {
    "criteria": {
      "has_iron_ingot": "2024-08-05 00:52:45 +0000"
    },
    "done": true
  },
  "spartanweaponry:recipes/spartanweaponry.basic/halberd_iron": {
    "criteria": {
      "has_iron_ingot": "2024-08-05 00:52:45 +0000"
    },
    "done": true
  },
  "minecraft:recipes/combat/leather_boots": {
    "criteria": {
      "has_leather": "2024-08-05 00:45:59 +0000"
    },
    "done": true
  },
  "minecraft:recipes/decorations/cobblestone_wall_from_cobblestone_stonecutting": {
    "criteria": {
      "has_cobblestone": "2024-08-05 00:48:37 +0000"
    },
    "done": true
  },
  "minecraft:recipes/building_blocks/polished_andesite_slab_from_polished_andesite_stonecutting": {
    "criteria": {
      "has_polished_andesite": "2024-08-05 00:52:42 +0000"
    },
    "done": true
  },
  "spartanweaponry:recipes/spartanweaponry.basic/hammer_wood": {
    "criteria": {
      "has_wood": "2024-08-05 00:13:53 +0000"
    },
    "done": true
  },
  "spartanweaponry:recipes/spartanweaponry.modded/battleaxe_silver": {
    "criteria": {
      "has_silver_ingot": "2024-08-05 00:52:42 +0000"
    },
    "done": true
  },
  "spartanweaponry:recipes/spartanweaponry.basic/longbow_iron": {
    "criteria": {
      "has_iron_ingot": "2024-08-05 00:52:45 +0000"
    },
    "done": true
  },
  "ironchest:recipes/ironchest/chests/iron_silver_chest": {
    "criteria": {
      "has_item": "2024-08-05 00:52:42 +0000"
    },
    "done": true
  },
  "minecraft:recipes/food/dried_kelp_from_campfire_cooking": {
    "criteria": {
      "has_kelp": "2024-08-05 00:52:42 +0000"
    },
    "done": true
  },
  "minecraft:recipes/building_blocks/lapis_block": {
    "criteria": {
      "has_lapis": "2024-08-05 00:41:04 +0000"
    },
    "done": true
  },
  "dungeons_arise:wda_root": {
    "criteria": {
      "WDA": "2024-08-05 00:11:43 +0000"
    },
    "done": true
  },
  "securitycraft:recipes/securitycraft/universal_owner_changer": {
    "criteria": {
      "has_name_tag": "2024-08-05 01:09:30 +0000"
    },
    "done": true
  },
  "minecraft:recipes/decorations/lantern": {
    "criteria": {
      "has_iron_ingot": "2024-08-05 00:52:45 +0000"
    },
    "done": true
  },
  "securitycraft:recipes/securitycraft/reinforced_oak_fence_gate": {
    "criteria": {
      "has_stick": "2024-08-05 00:41:22 +0000"
    },
    "done": true
  },
  "biomesoplenty:recipes/transportation/jacaranda_boat": {
    "criteria": {
      "in_water": "2024-08-05 00:13:15 +0000"
    },
    "done": true
  },
  "spartanweaponry:recipes/spartanweaponry.basic/boomerang_iron": {
    "criteria": {
      "has_iron_ingot": "2024-08-05 00:52:45 +0000"
    },
    "done": true
  },
  "minecraft:recipes/decorations/sandstone_wall": {
    "criteria": {
      "has_sandstone": "2024-08-05 00:52:42 +0000"
    },
    "done": true
  },
  "ironchest:recipes/ironchest/upgrades/wood_to_copper_chest_upgrade": {
    "criteria": {
      "has_item": "2024-08-05 00:13:54 +0000"
    },
    "done": true
  },
  "spartanweaponry:recipes/spartanweaponry.basic/lance_stone": {
    "criteria": {
      "has_cobblestone": "2024-08-05 00:48:37 +0000"
    },
    "done": true
  },
  "securitycraft:recipes/securitycraft/alarm": {
    "criteria": {
      "has_redstone": "2024-08-05 00:41:04 +0000"
    },
    "done": true
  },
  "minecraft:recipes/tools/stone_axe": {
    "criteria": {
      "has_cobblestone": "2024-08-05 00:48:37 +0000"
    },
    "done": true
  },
  "minecraft:recipes/food/cooked_mutton": {
    "criteria": {
      "has_mutton": "2024-08-05 00:52:42 +0000"
    },
    "done": true
  },
  "securitycraft:recipes/securitycraft/disguise_module": {
    "criteria": {
      "has_iron": "2024-08-05 00:52:45 +0000"
    },
    "done": true
  },
  "minecolonies:recipes/combat/chainmailhelmet": {
    "criteria": {
      "has_iron": "2024-08-05 00:52:45 +0000"
    },
    "done": true
  },
  "spartanweaponry:recipes/spartanweaponry.basic/longsword_iron": {
    "criteria": {
      "has_iron_ingot": "2024-08-05 00:52:45 +0000"
    },
    "done": true
  },
  "securitycraft:recipes/securitycraft/reinforced_dark_oak_fence": {
    "criteria": {
      "has_stick": "2024-08-05 00:41:22 +0000"
    },
    "done": true
  },
  "spartanweaponry:recipes/spartanweaponry.basic/longsword_gold": {
    "criteria": {
      "has_gold_ingot": "2024-08-05 00:41:22 +0000"
    },
    "done": true
  },
  "spartanweaponry:recipes/spartanweaponry.modded/lance_silver": {
    "criteria": {
      "has_silver_ingot": "2024-08-05 00:52:42 +0000"
    },
    "done": true
  },
  "minecraft:recipes/building_blocks/cobblestone_stairs_from_cobblestone_stonecutting": {
    "criteria": {
      "has_cobblestone": "2024-08-05 00:48:37 +0000"
    },
    "done": true
  },
  "minecraft:recipes/building_blocks/magenta_concrete_powder": {
    "criteria": {
      "has_sand": "2024-08-05 00:52:42 +0000"
    },
    "done": true
  },
  "securitycraft:recipes/securitycraft/panic_button": {
    "criteria": {
      "has_redstone": "2024-08-05 00:41:04 +0000"
    },
    "done": true
  },
  "spartanweaponry:recipes/spartanweaponry.basic/spear_gold": {
    "criteria": {
      "has_gold_ingot": "2024-08-05 00:41:22 +0000"
    },
    "done": true
  },
  "biomesoplenty:recipes/transportation/willow_boat": {
    "criteria": {
      "in_water": "2024-08-05 00:13:15 +0000"
    },
    "done": true
  },
  "minecraft:recipes/building_blocks/polished_andesite_stairs": {
    "criteria": {
      "has_polished_andesite": "2024-08-05 00:52:42 +0000"
    },
    "done": true
  },
  "securitycraft:recipes/securitycraft/reinforced_spruce_fence": {
    "criteria": {
      "has_stick": "2024-08-05 00:41:22 +0000"
    },
    "done": true
  },
  "minecraft:recipes/building_blocks/cut_sandstone_from_sandstone_stonecutting": {
    "criteria": {
      "has_sandstone": "2024-08-05 00:52:42 +0000"
    },
    "done": true
  },
  "spartanweaponry:recipes/spartanweaponry.basic/longsword_stone": {
    "criteria": {
      "has_cobblestone": "2024-08-05 00:48:37 +0000"
    },
    "done": true
  },
  "spartanweaponry:recipes/spartanweaponry.basic/javelin_wood": {
    "criteria": {
      "has_wood": "2024-08-05 00:13:53 +0000"
    },
    "done": true
  },
  "minecraft:recipes/decorations/campfire": {
    "criteria": {
      "has_stick": "2024-08-05 00:41:22 +0000"
    },
    "done": true
  },
  "minecraft:recipes/tools/golden_hoe": {
    "criteria": {
      "has_gold_ingot": "2024-08-05 00:41:22 +0000"
    },
    "done": true
  },
  "biomesoplenty:recipes/transportation/mahogany_boat": {
    "criteria": {
      "in_water": "2024-08-05 00:13:15 +0000"
    },
    "done": true
  },
  "minecraft:recipes/misc/iron_nugget": {
    "criteria": {
      "has_iron_ingot": "2024-08-05 00:52:45 +0000"
    },
    "done": true
  },
  "spartanweaponry:recipes/spartanweaponry.basic/dagger_gold": {
    "criteria": {
      "has_gold_ingot": "2024-08-05 00:41:22 +0000"
    },
    "done": true
  },
  "minecraft:recipes/building_blocks/brown_concrete_powder": {
    "criteria": {
      "has_sand": "2024-08-05 00:52:42 +0000"
    },
    "done": true
  },
  "ironchest:recipes/ironchest/chests/vanilla_dirt_chest": {
    "criteria": {
      "has_iron_ingot": "2024-08-05 00:52:42 +0000"
    },
    "done": true
  },
  "securitycraft:recipes/securitycraft/track_mine": {
    "criteria": {
      "has_iron": "2024-08-05 00:52:45 +0000"
    },
    "done": true
  },
  "biomesoplenty:recipes/transportation/dead_boat": {
    "criteria": {
      "in_water": "2024-08-05 00:13:15 +0000"
    },
    "done": true
  },
  "spartanweaponry:recipes/spartanweaponry.basic/parrying_dagger_gold": {
    "criteria": {
      "has_gold_ingot": "2024-08-05 00:41:22 +0000"
    },
    "done": true
  },
  "securitycraft:recipes/securitycraft/reinforced_oak_fence": {
    "criteria": {
      "has_stick": "2024-08-05 00:41:22 +0000"
    },
    "done": true
  },
  "minecraft:recipes/transportation/spruce_boat": {
    "criteria": {
      "in_water": "2024-08-05 00:13:15 +0000"
    },
    "done": true
  },
  "spartanweaponry:recipes/spartanweaponry.basic/quiver_upgrade_kit_medium": {
    "criteria": {
      "has_gold_ingot": "2024-08-05 00:41:22 +0000"
    },
    "done": true
  },
  "securitycraft:recipes/securitycraft/blacklist_module": {
    "criteria": {
      "has_iron": "2024-08-05 00:52:45 +0000"
    },
    "done": true
  },
  "securitycraft:recipes/securitycraft/speed_module": {
    "criteria": {
      "has_iron": "2024-08-05 00:52:45 +0000"
    },
    "done": true
  },
  "spartanweaponry:recipes/spartanweaponry.basic/saber_wood": {
    "criteria": {
      "has_wood": "2024-08-05 00:13:54 +0000"
    },
    "done": true
  },
  "spartanweaponry:recipes/spartanweaponry.basic/katana_stone": {
    "criteria": {
      "has_cobblestone": "2024-08-05 00:48:37 +0000"
    },
    "done": true
  },
  "spartanweaponry:recipes/spartanweaponry.basic/pole_from_leather": {
    "criteria": {
      "has_stick": "2024-08-05 00:41:21 +0000"
    },
    "done": true
  },
  "minecraft:recipes/food/mushroom_stew": {
    "criteria": {
      "has_brown_mushroom": "2024-08-05 00:46:46 +0000"
    },
    "done": true
  },
  "securitycraft:recipes/securitycraft/harming_module": {
    "criteria": {
      "has_iron": "2024-08-05 00:52:45 +0000"
    },
    "done": true
  },
  "minecraft:recipes/misc/gold_nugget": {
    "criteria": {
      "has_gold_ingot": "2024-08-05 00:41:22 +0000"
    },
    "done": true
  },
  "minecraft:recipes/misc/sugar_from_sugar_cane": {
    "criteria": {
      "has_reeds": "2024-08-05 00:50:44 +0000"
    },
    "done": true
  },
  "spartanweaponry:recipes/spartanweaponry.basic/warhammer_gold": {
    "criteria": {
      "has_gold_ingot": "2024-08-05 00:41:22 +0000"
    },
    "done": true
  },
  "spartanweaponry:recipes/spartanweaponry.basic/cestus": {
    "criteria": {
      "has_leather": "2024-08-05 00:45:59 +0000"
    },
    "done": true
  },
  "securitycraft:recipes/securitycraft/keypad_frame": {
    "criteria": {
      "has_redstone": "2024-08-05 00:41:04 +0000"
    },
    "done": true
  },
  "minecraft:husbandry/balanced_diet": {
    "criteria": {
      "cooked_mutton": "2024-08-05 00:55:45 +0000",
      "porkchop": "2024-08-05 00:53:02 +0000",
      "mutton": "2024-08-05 00:55:08 +0000",
      "bread": "2024-08-05 00:40:40 +0000",
      "golden_apple": "2024-08-05 01:03:56 +0000",
      "cooked_chicken": "2024-08-05 00:49:00 +0000"
    },
    "done": false
  },
  "minecraft:recipes/tools/wooden_hoe": {
    "criteria": {
      "has_stick": "2024-08-05 00:41:21 +0000"
    },
    "done": true
  },
  "spartanweaponry:recipes/spartanweaponry.modded/scythe_silver": {
    "criteria": {
      "has_silver_ingot": "2024-08-05 00:52:42 +0000"
    },
    "done": true
  },
  "minecraft:recipes/misc/bucket": {
    "criteria": {
      "has_iron_ingot": "2024-08-05 00:52:45 +0000"
    },
    "done": true
  },
  "parcool:grant_parcool_guide": {
    "criteria": {
      "tick": "2024-08-05 00:11:43 +0000"
    },
    "done": true
  },
  "spartanweaponry:recipes/spartanweaponry.basic/longbow_gold": {
    "criteria": {
      "has_gold_ingot": "2024-08-05 00:41:22 +0000"
    },
    "done": true
  },
  "minecraft:recipes/building_blocks/cobblestone_stairs": {
    "criteria": {
      "has_cobblestone": "2024-08-05 00:48:37 +0000"
    },
    "done": true
  },
  "biomesoplenty:recipes/transportation/magic_boat": {
    "criteria": {
      "in_water": "2024-08-05 00:13:15 +0000"
    },
    "done": true
  },
  "minecraft:recipes/building_blocks/chiseled_sandstone_from_sandstone_stonecutting": {
    "criteria": {
      "has_sandstone": "2024-08-05 00:52:42 +0000"
    },
    "done": true
  },
  "minecraft:recipes/redstone/note_block": {
    "criteria": {
      "has_redstone": "2024-08-05 00:41:04 +0000"
    },
    "done": true
  },
  "securitycraft:recipes/securitycraft/redstone_module": {
    "criteria": {
      "has_iron": "2024-08-05 00:52:45 +0000"
    },
    "done": true
  },
  "spartanweaponry:recipes/spartanweaponry.modded/parrying_dagger_silver": {
    "criteria": {
      "has_silver_ingot": "2024-08-05 00:52:42 +0000"
    },
    "done": true
  },
  "spartanweaponry:recipes/spartanweaponry.basic/throwing_knife_iron": {
    "criteria": {
      "has_iron_ingot": "2024-08-05 00:52:45 +0000"
    },
    "done": true
  },
  "minecraft:recipes/building_blocks/light_blue_concrete_powder": {
    "criteria": {
      "has_sand": "2024-08-05 00:52:42 +0000"
    },
    "done": true
  },
  "spartanweaponry:tomahawk": {
    "criteria": {
      "has_tomahawk": "2024-08-05 00:41:36 +0000"
    },
    "done": true
  },
  "spartanweaponry:recipes/spartanweaponry.basic/flanged_mace_wood": {
    "criteria": {
      "has_wood": "2024-08-05 00:13:54 +0000"
    },
    "done": true
  },
  "minecraft:recipes/misc/leather_horse_armor": {
    "criteria": {
      "has_leather": "2024-08-05 00:45:59 +0000"
    },
    "done": true
  },
  "minecraft:recipes/building_blocks/glass": {
    "criteria": {
      "has_sand": "2024-08-05 00:52:42 +0000"
    },
    "done": true
  },
  "minecraft:recipes/combat/iron_helmet": {
    "criteria": {
      "has_iron_ingot": "2024-08-05 00:52:45 +0000"
    },
    "done": true
  },
  "minecraft:recipes/tools/golden_shovel": {
    "criteria": {
      "has_gold_ingot": "2024-08-05 00:41:22 +0000"
    },
    "done": true
  },
  "minecolonies:recipes/combat/chainmailboots": {
    "criteria": {
      "has_iron": "2024-08-05 00:52:45 +0000"
    },
    "done": true
  },
  "minecraft:recipes/food/cooked_chicken_from_smoking": {
    "criteria": {
      "has_the_recipe": "2024-08-05 00:43:31 +0000"
    },
    "done": true
  },
  "minecraft:recipes/redstone/oak_fence_gate": {
    "criteria": {
      "has_planks": "2024-08-05 00:52:42 +0000"
    },
    "done": true
  },
  "minecraft:recipes/building_blocks/smooth_sandstone": {
    "criteria": {
      "has_sandstone": "2024-08-05 00:52:42 +0000"
    },
    "done": true
  },
  "minecraft:recipes/building_blocks/cut_sandstone_slab_from_cut_sandstone_stonecutting": {
    "criteria": {
      "has_cut_sandstone": "2024-08-05 00:52:42 +0000"
    },
    "done": true
  },
  "minecraft:recipes/building_blocks/purple_concrete_powder": {
    "criteria": {
      "has_sand": "2024-08-05 00:52:42 +0000"
    },
    "done": true
  },
  "spartanweaponry:recipes/spartanweaponry.basic/heavy_crossbow_leather": {
    "criteria": {
      "has_leather": "2024-08-05 00:45:59 +0000"
    },
    "done": true
  },
  "securitycraft:recipes/securitycraft/reinforced_birch_fence_gate": {
    "criteria": {
      "has_stick": "2024-08-05 00:41:22 +0000"
    },
    "done": true
  },
  "minecraft:story/mine_stone": {
    "criteria": {
      "get_stone": "2024-08-05 00:48:37 +0000"
    },
    "done": true
  },
  "minecraft:recipes/redstone/target": {
    "criteria": {
      "has_redstone": "2024-08-05 00:41:04 +0000"
    },
    "done": true
  },
  "minecraft:recipes/decorations/furnace": {
    "criteria": {
      "has_cobblestone": "2024-08-05 00:48:37 +0000"
    },
    "done": true
  },
  "minecraft:recipes/transportation/minecart": {
    "criteria": {
      "has_iron_ingot": "2024-08-05 00:52:45 +0000"
    },
    "done": true
  },
  "securitycraft:recipes/securitycraft/reinforced_acacia_fence_gate": {
    "criteria": {
      "has_stick": "2024-08-05 00:41:22 +0000"
    },
    "done": true
  },
  "spartanweaponry:recipes/spartanweaponry.basic/pike_stone": {
    "criteria": {
      "has_cobblestone": "2024-08-05 00:48:37 +0000"
    },
    "done": true
  },
  "minecraft:recipes/misc/charcoal": {
    "criteria": {
      "has_log": "2024-08-05 00:13:50 +0000"
    },
    "done": true
  },
  "minecraft:recipes/tools/wooden_pickaxe": {
    "criteria": {
      "has_stick": "2024-08-05 00:41:22 +0000"
    },
    "done": true
  },
  "minecraft:recipes/tools/iron_hoe": {
    "criteria": {
      "has_iron_ingot": "2024-08-05 00:52:45 +0000"
    },
    "done": true
  },
  "spartanweaponry:recipes/spartanweaponry.basic/parrying_dagger_iron": {
    "criteria": {
      "has_iron_ingot": "2024-08-05 00:52:45 +0000"
    },
    "done": true
  },
  "minecraft:recipes/redstone/redstone_torch": {
    "criteria": {
      "has_redstone": "2024-08-05 00:41:04 +0000"
    },
    "done": true
  },
  "minecraft:husbandry/root": {
    "criteria": {
      "consumed_item": "2024-08-05 00:12:32 +0000"
    },
    "done": true
  },
  "spartanweaponry:recipes/spartanweaponry.basic/heavy_crossbow_gold": {
    "criteria": {
      "has_gold_ingot": "2024-08-05 00:41:22 +0000"
    },
    "done": true
  },
  "minecraft:recipes/transportation/birch_boat": {
    "criteria": {
      "in_water": "2024-08-05 00:13:15 +0000"
    },
    "done": true
  },
  "minecraft:recipes/food/golden_apple": {
    "criteria": {
      "has_gold_ingot": "2024-08-05 00:41:22 +0000"
    },
    "done": true
  },
  "securitycraft:recipes/securitycraft/sonic_security_system": {
    "criteria": {
      "has_stick": "2024-08-05 00:41:22 +0000"
    },
    "done": true
  },
  "mostructures:root": {
    "criteria": {
      "very_simple_trigger": "2024-08-05 00:13:55 +0000"
    },
    "done": true
  },
  "minecraft:recipes/building_blocks/green_concrete_powder": {
    "criteria": {
      "has_sand": "2024-08-05 00:52:42 +0000"
    },
    "done": true
  },
  "minecraft:recipes/tools/iron_shovel": {
    "criteria": {
      "has_iron_ingot": "2024-08-05 00:52:45 +0000"
    },
    "done": true
  },
  "spartanweaponry:recipes/spartanweaponry.basic/dagger_iron": {
    "criteria": {
      "has_iron_ingot": "2024-08-05 00:52:45 +0000"
    },
    "done": true
  },
  "spartanweaponry:recipes/spartanweaponry.basic/spear_iron": {
    "criteria": {
      "has_iron_ingot": "2024-08-05 00:52:45 +0000"
    },
    "done": true
  },
  "minecraft:recipes/misc/bowl": {
    "criteria": {
      "has_brown_mushroom": "2024-08-05 00:46:46 +0000"
    },
    "done": true
  },
  "spartanweaponry:recipes/spartanweaponry.modded/spear_silver": {
    "criteria": {
      "has_silver_ingot": "2024-08-05 00:52:42 +0000"
    },
    "done": true
  },
  "spartanweaponry:recipes/spartanweaponry.basic/boomerang_stone": {
    "criteria": {
      "has_cobblestone": "2024-08-05 00:48:37 +0000"
    },
    "done": true
  },
  "minecraft:recipes/decorations/item_frame": {
    "criteria": {
      "has_leather": "2024-08-05 00:45:59 +0000"
    },
    "done": true
  },
  "farmersdelight:main/root": {
    "criteria": {
      "seeds": "2024-08-05 00:11:43 +0000"
    },
    "done": true
  },
  "minecraft:recipes/tools/clock": {
    "criteria": {
      "has_redstone": "2024-08-05 00:41:04 +0000"
    },
    "done": true
  },
  "minecraft:recipes/tools/stone_hoe": {
    "criteria": {
      "has_cobblestone": "2024-08-05 00:48:37 +0000"
    },
    "done": true
  },
  "minecraft:recipes/decorations/spruce_fence": {
    "criteria": {
      "has_planks": "2024-08-05 00:13:54 +0000"
    },
    "done": true
  },
  "spartanweaponry:recipes/spartanweaponry.basic/heavy_crossbow_iron": {
    "criteria": {
      "has_iron_ingot": "2024-08-05 00:52:45 +0000"
    },
    "done": true
  },
  "minecolonies:recipes/minecolonies/supplycampdeployer": {
    "criteria": {
      "has_chest": "2024-08-05 00:52:42 +0000"
    },
    "done": true
  },
  "spartanweaponry:recipes/spartanweaponry.basic/rapier_gold": {
    "criteria": {
      "has_gold_ingot": "2024-08-05 00:41:22 +0000"
    },
    "done": true
  },
  "spartanweaponry:recipes/spartanweaponry.basic/pike_wood": {
    "criteria": {
      "has_wood": "2024-08-05 00:13:53 +0000"
    },
    "done": true
  },
  "spartanweaponry:recipes/spartanweaponry.basic/warhammer_iron": {
    "criteria": {
      "has_iron_ingot": "2024-08-05 00:52:45 +0000"
    },
    "done": true
  },
  "spartanweaponry:recipes/spartanweaponry.basic/throwing_knife_gold": {
    "criteria": {
      "has_gold_ingot": "2024-08-05 00:41:22 +0000"
    },
    "done": true
  },
  "farmersdelight:recipes/farmersdelight/mixed_salad": {
    "criteria": {
      "has_bowl": "2024-08-05 00:52:42 +0000"
    },
    "done": true
  },
  "minecraft:recipes/building_blocks/spruce_stairs": {
    "criteria": {
      "has_planks": "2024-08-05 00:13:54 +0000"
    },
    "done": true
  },
  "spartanweaponry:recipes/spartanweaponry.basic/tomahawk_gold": {
    "criteria": {
      "has_gold_ingot": "2024-08-05 00:41:22 +0000"
    },
    "done": true
  },
  "spartanweaponry:recipes/spartanweaponry.modded/saber_silver": {
    "criteria": {
      "has_silver_ingot": "2024-08-05 00:52:42 +0000"
    },
    "done": true
  },
  "paraglider:recipes/paraglider/cosmetic/goddess_statue": {
    "criteria": {
      "has_goddess_statue": "2024-08-05 00:52:42 +0000"
    },
    "done": true
  },
  "minecraft:recipes/misc/gold_ingot_from_nuggets": {
    "criteria": {
      "has_gold_nugget": "2024-08-05 00:54:04 +0000"
    },
    "done": true
  },
  "alexsmobs:alexsmobs/root": {
    "criteria": {
      "useitem": "2024-08-05 00:12:32 +0000"
    },
    "done": true
  },
  "minecraft:recipes/transportation/oak_boat": {
    "criteria": {
      "in_water": "2024-08-05 00:13:15 +0000"
    },
    "done": true
  },
  "spartanweaponry:recipes/spartanweaponry.basic/lance_wood": {
    "criteria": {
      "has_wood": "2024-08-05 00:13:53 +0000"
    },
    "done": true
  },
  "spartanweaponry:recipes/spartanweaponry.basic/handle_from_string": {
    "criteria": {
      "has_stick": "2024-08-05 00:41:22 +0000"
    },
    "done": true
  },
  "minecraft:recipes/decorations/sandstone_wall_from_sandstone_stonecutting": {
    "criteria": {
      "has_sandstone": "2024-08-05 00:52:42 +0000"
    },
    "done": true
  },
  "spartanweaponry:recipes/spartanweaponry.modded/quarterstaff_silver": {
    "criteria": {
      "has_silver_ingot": "2024-08-05 00:52:42 +0000"
    },
    "done": true
  },
  "minecraft:recipes/building_blocks/cyan_concrete_powder": {
    "criteria": {
      "has_sand": "2024-08-05 00:52:42 +0000"
    },
    "done": true
  },
  "spartanweaponry:recipes/spartanweaponry.modded/katana_silver": {
    "criteria": {
      "has_silver_ingot": "2024-08-05 00:52:42 +0000"
    },
    "done": true
  },
  "minecraft:recipes/combat/golden_boots": {
    "criteria": {
      "has_gold_ingot": "2024-08-05 00:41:22 +0000"
    },
    "done": true
  },
  "farmersdelight:recipes/farmersdelight/roast_chicken_block": {
    "criteria": {
      "has_cooked_chicken": "2024-08-05 00:43:31 +0000"
    },
    "done": true
  },
  "securitycraft:recipes/securitycraft/claymore": {
    "criteria": {
      "has_redstone": "2024-08-05 00:41:04 +0000"
    },
    "done": true
  },
  "minecraft:recipes/tools/wooden_axe": {
    "criteria": {
      "has_stick": "2024-08-05 00:41:22 +0000"
    },
    "done": true
  },
  "minecraft:recipes/decorations/spruce_sign": {
    "criteria": {
      "has_spruce_planks": "2024-08-05 00:13:53 +0000"
    },
    "done": true
  },
  "farmersdelight:main/plant_all_crops": {
    "criteria": {
      "brown_mushroom": "2024-08-05 00:46:47 +0000"
    },
    "done": false
  },
  "securitycraft:recipes/securitycraft/keycard_lv2": {
    "criteria": {
      "has_iron": "2024-08-05 00:52:45 +0000"
    },
    "done": true
  },
  "securitycraft:recipes/securitycraft/keycard_lv1": {
    "criteria": {
      "has_iron": "2024-08-05 00:52:45 +0000"
    },
    "done": true
  },
  "minecraft:recipes/misc/paper": {
    "criteria": {
      "has_reeds": "2024-08-05 00:50:44 +0000"
    },
    "done": true
  },
  "biomesoplenty:recipes/transportation/palm_boat": {
    "criteria": {
      "in_water": "2024-08-05 00:13:15 +0000"
    },
    "done": true
  },
  "securitycraft:recipes/securitycraft/bouncing_betty": {
    "criteria": {
      "has_iron": "2024-08-05 00:52:45 +0000"
    },
    "done": true
  },
  "spartanweaponry:recipes/spartanweaponry.modded/rapier_silver": {
    "criteria": {
      "has_silver_ingot": "2024-08-05 00:52:42 +0000"
    },
    "done": true
  },
  "spartanweaponry:recipes/spartanweaponry.modded/hammer_silver": {
    "criteria": {
      "has_silver_ingot": "2024-08-05 00:52:42 +0000"
    },
    "done": true
  },
  "biomesoplenty:recipes/transportation/redwood_boat": {
    "criteria": {
      "in_water": "2024-08-05 00:13:15 +0000"
    },
    "done": true
  },
  "spartanweaponry:recipes/spartanweaponry.basic/glaive_wood": {
    "criteria": {
      "has_wood": "2024-08-05 00:13:54 +0000"
    },
    "done": true
  },
  "spartanweaponry:recipes/spartanweaponry.basic/halberd_wood": {
    "criteria": {
      "has_wood": "2024-08-05 00:13:54 +0000"
    },
    "done": true
  },
  "securitycraft:recipes/securitycraft/keycard_lv4": {
    "criteria": {
      "has_iron": "2024-08-05 00:52:45 +0000"
    },
    "done": true
  },
  "securitycraft:recipes/securitycraft/sc_manual": {
    "criteria": {
      "has_wood": "2024-08-05 00:13:50 +0000"
    },
    "done": true
  },
  "securitycraft:recipes/securitycraft/keycard_lv3": {
    "criteria": {
      "has_iron": "2024-08-05 00:52:45 +0000"
    },
    "done": true
  },
  "structurize:recipes/structurize/white_floating_carpet": {
    "criteria": {
      "has_white_floating_carpet": "2024-08-05 00:52:42 +0000"
    },
    "done": true
  },
  "ironchest:recipes/ironchest/chests/iron_gold_chest": {
    "criteria": {
      "has_gold_ingot": "2024-08-05 00:41:22 +0000"
    },
    "done": true
  },
  "securitycraft:recipes/securitycraft/keycard_lv5": {
    "criteria": {
      "has_iron": "2024-08-05 00:52:45 +0000"
    },
    "done": true
  },
  "spartanweaponry:recipes/spartanweaponry.basic/rapier_iron": {
    "criteria": {
      "has_iron_ingot": "2024-08-05 00:52:45 +0000"
    },
    "done": true
  },
  "minecraft:recipes/redstone/light_weighted_pressure_plate": {
    "criteria": {
      "has_gold_ingot": "2024-08-05 00:41:22 +0000"
    },
    "done": true
  },
  "minecraft:recipes/tools/stone_shovel": {
    "criteria": {
      "has_cobblestone": "2024-08-05 00:48:37 +0000"
    },
    "done": true
  },
  "minecraft:recipes/building_blocks/blue_concrete_powder": {
    "criteria": {
      "has_sand": "2024-08-05 00:52:42 +0000"
    },
    "done": true
  },
  "securitycraft:recipes/securitycraft/reinforced_jungle_fence_gate": {
    "criteria": {
      "has_stick": "2024-08-05 00:41:22 +0000"
    },
    "done": true
  },
  "spartanweaponry:recipes/spartanweaponry.basic/quiver_arrow_small": {
    "criteria": {
      "has_arrow": "2024-08-05 01:09:44 +0000"
    },
    "done": true
  },
  "minecraft:recipes/building_blocks/spruce_slab": {
    "criteria": {
      "has_planks": "2024-08-05 00:13:53 +0000"
    },
    "done": true
  },
  "cataclysm:root": {
    "criteria": {
      "custom_test_name": "2024-08-05 00:11:43 +0000"
    },
    "done": true
  },
  "securitycraft:recipes/securitycraft/universal_block_reinforcer_lvl2": {
    "criteria": {
      "has_redstone": "2024-08-05 00:41:04 +0000"
    },
    "done": true
  },
  "securitycraft:recipes/securitycraft/universal_block_reinforcer_lvl1": {
    "criteria": {
      "has_redstone": "2024-08-05 00:41:04 +0000"
    },
    "done": true
  },
  "securitycraft:recipes/securitycraft/reinforced_andesite": {
    "criteria": {
      "has_cobblestone": "2024-08-05 00:48:37 +0000"
    },
    "done": true
  },
  "spartanweaponry:recipes/spartanweaponry.basic/flanged_mace_stone": {
    "criteria": {
      "has_cobblestone": "2024-08-05 00:48:37 +0000"
    },
    "done": true
  },
  "securitycraft:recipes/securitycraft/universal_block_reinforcer_lvl3": {
    "criteria": {
      "has_redstone": "2024-08-05 00:41:04 +0000"
    },
    "done": true
  },
  "valhelsia_structures:recipes/valhelsia_structures_main/spruce_post": {
    "criteria": {
      "has_item": "2024-08-05 00:13:49 +0000"
    },
    "done": true
  },
  "spartanweaponry:recipes/spartanweaponry.basic/hammer_stone": {
    "criteria": {
      "has_cobblestone": "2024-08-05 00:48:37 +0000"
    },
    "done": true
  },
  "minecraft:recipes/building_blocks/polished_andesite_stairs_from_polished_andesite_stonecutting": {
    "criteria": {
      "has_polished_andesite": "2024-08-05 00:52:42 +0000"
    },
    "done": true
  },
  "spartanweaponry:recipes/spartanweaponry.basic/tomahawk_stone": {
    "criteria": {
      "has_cobblestone": "2024-08-05 00:48:37 +0000"
    },
    "done": true
  },
  "spartanweaponry:recipes/spartanweaponry.modded/javelin_silver": {
    "criteria": {
      "has_silver_ingot": "2024-08-05 00:52:42 +0000"
    },
    "done": true
  },
  "minecraft:recipes/combat/golden_helmet": {
    "criteria": {
      "has_gold_ingot": "2024-08-05 00:41:22 +0000"
    },
    "done": true
  },
  "securitycraft:recipes/securitycraft/floor_trap": {
    "criteria": {
      "has_iron": "2024-08-05 00:52:45 +0000"
    },
    "done": true
  },
  "minecraft:recipes/building_blocks/cut_sandstone_slab_from_sandstone_stonecutting": {
    "criteria": {
      "has_sandstone": "2024-08-05 00:52:42 +0000"
    },
    "done": true
  },
  "farmersdelight:recipes/farmersdelight/shepherds_pie_block": {
    "criteria": {
      "has_cooked_mutton": "2024-08-05 00:55:42 +0000"
    },
    "done": true
  },
  "minecraft:recipes/redstone/oak_pressure_plate": {
    "criteria": {
      "has_planks": "2024-08-05 00:52:42 +0000"
    },
    "done": true
  },
  "spartanweaponry:recipes/spartanweaponry.basic/battleaxe_wood": {
    "criteria": {
      "has_wood": "2024-08-05 00:13:54 +0000"
    },
    "done": true
  },
  "minecraft:recipes/building_blocks/cut_sandstone": {
    "criteria": {
      "has_sandstone": "2024-08-05 00:52:42 +0000"
    },
    "done": true
  },
  "securitycraft:recipes/securitycraft/laser_block": {
    "criteria": {
      "has_stone": "2024-08-05 00:48:37 +0000"
    },
    "done": true
  },
  "minecraft:story/root": {
    "criteria": {
      "crafting_table": "2024-08-05 00:13:55 +0000"
    },
    "done": true
  },
  "minecraft:recipes/building_blocks/sandstone_slab_from_sandstone_stonecutting": {
    "criteria": {
      "has_sandstone": "2024-08-05 00:52:42 +0000"
    },
    "done": true
  },
  "minecraft:recipes/redstone/dropper": {
    "criteria": {
      "has_redstone": "2024-08-05 00:41:04 +0000"
    },
    "done": true
  },
  "spartanweaponry:recipes/spartanweaponry.basic/throwing_knife_wood": {
    "criteria": {
      "has_wood": "2024-08-05 00:13:53 +0000"
    },
    "done": true
  },
  "spartanweaponry:recipes/spartanweaponry.basic/pole_from_wool": {
    "criteria": {
      "has_stick": "2024-08-05 00:41:22 +0000"
    },
    "done": true
  },
  "spartanweaponry:recipes/spartanweaponry.basic/katana_wood": {
    "criteria": {
      "has_wood": "2024-08-05 00:13:54 +0000"
    },
    "done": true
  },
  "paraglider:recipes/paraglider/cosmetic/goron_goddess_statue": {
    "criteria": {
      "has_goddess_statue": "2024-08-05 00:52:42 +0000"
    },
    "done": true
  },
  "spartanweaponry:recipes/spartanweaponry.basic/scythe_wood": {
    "criteria": {
      "has_wood": "2024-08-05 00:13:54 +0000"
    },
    "done": true
  },
  "spartanweaponry:recipes/spartanweaponry.basic/greatsword_stone": {
    "criteria": {
      "has_cobblestone": "2024-08-05 00:48:37 +0000"
    },
    "done": true
  },
  "ironchest:recipes/ironchest/upgrades/iron_to_gold_chest_upgrade": {
    "criteria": {
      "has_iron_ingot": "2024-08-05 00:52:45 +0000"
    },
    "done": true
  },
  "minecraft:recipes/combat/leather_chestplate": {
    "criteria": {
      "has_leather": "2024-08-05 00:45:59 +0000"
    },
    "done": true
  },
  "minecraft:recipes/tools/compass": {
    "criteria": {
      "has_redstone": "2024-08-05 00:41:04 +0000"
    },
    "done": true
  },
  "spartanweaponry:recipes/spartanweaponry.basic/quarterstaff_iron": {
    "criteria": {
      "has_iron_ingot": "2024-08-05 00:52:45 +0000"
    },
    "done": true
  },
  "minecraft:recipes/redstone/oak_button": {
    "criteria": {
      "has_planks": "2024-08-05 00:52:42 +0000"
    },
    "done": true
  },
  "spartanweaponry:recipes/spartanweaponry.basic/greatsword_wood": {
    "criteria": {
      "has_wood": "2024-08-05 00:13:53 +0000"
    },
    "done": true
  },
  "farmersdelight:recipes/farmersdelight/flint_knife": {
    "criteria": {
      "has_stick": "2024-08-05 00:41:22 +0000"
    },
    "done": true
  },
  "spartanweaponry:recipes/spartanweaponry.basic/spear_stone": {
    "criteria": {
      "has_cobblestone": "2024-08-05 00:48:37 +0000"
    },
    "done": true
  },
  "minecraft:recipes/redstone/iron_door": {
    "criteria": {
      "has_iron_ingot": "2024-08-05 00:52:45 +0000"
    },
    "done": true
  },
  "spartanweaponry:recipes/spartanweaponry.modded/longbow_silver": {
    "criteria": {
      "has_silver_ingot": "2024-08-05 00:52:42 +0000"
    },
    "done": true
  },
  "minecolonies:recipes/combat/chainmailchestplate": {
    "criteria": {
      "has_iron": "2024-08-05 00:52:45 +0000"
    },
    "done": true
  },
  "spartanweaponry:recipes/spartanweaponry.basic/boomerang_wood": {
    "criteria": {
      "has_wood": "2024-08-05 00:13:53 +0000"
    },
    "done": true
  },
  "spartanweaponry:recipes/spartanweaponry.basic/saber_stone": {
    "criteria": {
      "has_cobblestone": "2024-08-05 00:48:37 +0000"
    },
    "done": true
  },
  "spartanweaponry:recipes/spartanweaponry.basic/longbow_wood": {
    "criteria": {
      "has_wood": "2024-08-05 00:13:53 +0000"
    },
    "done": true
  },
  "minecraft:recipes/redstone/oak_door": {
    "criteria": {
      "has_planks": "2024-08-05 00:52:42 +0000"
    },
    "done": true
  },
  "spartanweaponry:recipes/spartanweaponry.modded/glaive_silver": {
    "criteria": {
      "has_silver_ingot": "2024-08-05 00:52:42 +0000"
    },
    "done": true
  },
  "securitycraft:recipes/securitycraft/motion_activated_light": {
    "criteria": {
      "has_stick": "2024-08-05 00:41:22 +0000"
    },
    "done": true
  },
  "minecraft:recipes/transportation/jungle_boat": {
    "criteria": {
      "in_water": "2024-08-05 00:13:15 +0000"
    },
    "done": true
  },
  "paraglider:recipes/paraglider/cosmetic/kakariko_goddess_statue": {
    "criteria": {
      "has_goddess_statue": "2024-08-05 00:52:42 +0000"
    },
    "done": true
  },
  "securitycraft:recipes/securitycraft/mine": {
    "criteria": {
      "has_iron": "2024-08-05 00:52:45 +0000"
    },
    "done": true
  },
  "spartanweaponry:recipes/spartanweaponry.basic/halberd_stone": {
    "criteria": {
      "has_cobblestone": "2024-08-05 00:48:37 +0000"
    },
    "done": true
  },
  "ironchest:recipes/ironchest/upgrades/wood_to_iron_chest_upgrade": {
    "criteria": {
      "has_iron_ingot": "2024-08-05 00:52:45 +0000"
    },
    "done": true
  },
  "majruszs_difficulty:progressive_difficulty/bleeding": {
    "criteria": {
      "bleeding_applied": "2024-08-05 00:13:02 +0000"
    },
    "done": true
  },
  "minecraft:recipes/redstone/heavy_weighted_pressure_plate": {
    "criteria": {
      "has_iron_ingot": "2024-08-05 00:52:45 +0000"
    },
    "done": true
  },
  "farmersdelight:recipes/farmersdelight/golden_knife": {
    "criteria": {
      "has_gold_ingot": "2024-08-05 00:41:22 +0000"
    },
    "done": true
  },
  "minecraft:recipes/transportation/dark_oak_boat": {
    "criteria": {
      "in_water": "2024-08-05 00:13:15 +0000"
    },
    "done": true
  },
  "spartanweaponry:recipes/spartanweaponry.basic/parrying_dagger_stone": {
    "criteria": {
      "has_cobblestone": "2024-08-05 00:48:37 +0000"
    },
    "done": true
  },
  "spartanweaponry:recipes/spartanweaponry.basic/longsword_wood": {
    "criteria": {
      "has_wood": "2024-08-05 00:13:54 +0000"
    },
    "done": true
  },
  "minecraft:recipes/redstone/piston": {
    "criteria": {
      "has_redstone": "2024-08-05 00:41:04 +0000"
    },
    "done": true
  },
  "securitycraft:recipes/securitycraft/briefcase": {
    "criteria": {
      "has_iron": "2024-08-05 00:52:45 +0000"
    },
    "done": true
  },
  "minecraft:recipes/combat/golden_leggings": {
    "criteria": {
      "has_gold_ingot": "2024-08-05 00:41:22 +0000"
    },
    "done": true
  },
  "spartanweaponry:recipes/spartanweaponry.basic/pole_from_string": {
    "criteria": {
      "has_stick": "2024-08-05 00:41:22 +0000"
    },
    "done": true
  },
  "minecraft:recipes/redstone/spruce_trapdoor": {
    "criteria": {
      "has_planks": "2024-08-05 00:13:53 +0000"
    },
    "done": true
  },
  "farmersdelight:recipes/farmersdelight/barbecue_stick": {
    "criteria": {
      "has_cooked_chicken": "2024-08-05 00:43:31 +0000"
    },
    "done": true
  },
  "spartanweaponry:recipes/spartanweaponry.basic/hammer_iron": {
    "criteria": {
      "has_iron_ingot": "2024-08-05 00:52:45 +0000"
    },
    "done": true
  },
  "spartanweaponry:recipes/spartanweaponry.modded/heavy_crossbow_silver": {
    "criteria": {
      "has_silver_ingot": "2024-08-05 00:52:42 +0000"
    },
    "done": true
  },
  "securitycraft:recipes/securitycraft/reinforced_fence_gate": {
    "criteria": {
      "has_iron": "2024-08-05 00:52:45 +0000"
    },
    "done": true
  },
  "minecraft:recipes/decorations/soul_campfire": {
    "criteria": {
      "has_stick": "2024-08-05 00:41:22 +0000"
    },
    "done": true
  },
  "minecraft:story/smelt_iron": {
    "criteria": {
      "iron": "2024-08-05 00:52:45 +0000"
    },
    "done": true
  },
  "repurposed_structures:root": {
    "criteria": {
      "always": "2024-08-05 00:11:43 +0000"
    },
    "done": true
  },
  "DataVersion": 2586
}